[2026-09-23 08:52:50] production.ERROR: No application encryption key has been specified. {"exception":"[object] (Illuminate\\Encryption\\MissingAppKeyException(code: 0): No application encryption key has been specified. at C:\\Users\\IT ZETKA\\Downloads\\taniraya-erp-laravel\\vendor\\laravel\\framework\\src\\Illuminate\\Encryption\\EncryptionServiceProvider.php:101)
[stacktrace]
#0 C:\\Users\\IT ZETKA\\Downloads\\taniraya-erp-laravel\\vendor\\laravel\\framework\\src\\Illuminate\\Support\\helpers.php(263): Illuminate\\Encryption\\EncryptionServiceProvider->Illuminate\\Encryption\\{closure}(NULL)
#1 C:\\Users\\IT ZETKA\\Downloads\\taniraya-erp-laravel\\vendor\\laravel\\framework\\src\\Illuminate\\Encryption\\EncryptionServiceProvider.php(103): tap(NULL, Object(Closure))
#2 C:\\Users\\IT ZETKA\\Downloads\\taniraya-erp-laravel\\vendor\\laravel\\framework\\src\\Illuminate\\Encryption\\EncryptionServiceProvider.php(82): Illuminate\\Encryption\\EncryptionServiceProvider->key(Array)
#3 C:\\Users\\IT ZETKA\\Downloads\\taniraya-erp-laravel\\vendor\\laravel\\framework\\src\\Illuminate\\Encryption\\EncryptionServiceProvider.php(34): Illuminate\\Encryption\\EncryptionServiceProvider->parseKey(Array)
#4 C:\\Users\\IT ZETKA\\Downloads\\taniraya-erp-laravel\\vendor\\laravel\\framework\\src\\Illuminate\\Container\\Container.php(873): Illuminate\\Encryption\\EncryptionServiceProvider->Illuminate\\Encryption\\{closure}(Object(Illuminate\\Foundation\\Application), Array)
#5 C:\\Users\\IT ZETKA\\Downloads\\taniraya-erp-laravel\\vendor\\laravel\\framework\\src\\Illuminate\\Container\\Container.php(758): Illuminate\\Container\\Container->build(Object(Closure))
#6 C:\\Users\\IT ZETKA\\Downloads\\taniraya-erp-laravel\\vendor\\laravel\\framework\\src\\Illuminate\\Foundation\\Application.php(851): Illuminate\\Container\\Container->resolve('encrypter', Array, true)
#7 C:\\Users\\IT ZETKA\\Downloads\\taniraya-erp-laravel\\vendor\\laravel\\framework\\src\\Illuminate\\Container\\Container.php(694): Illuminate\\Foundation\\Application->resolve('encrypter', Array)
#8 C:\\Users\\IT ZETKA\\Downloads\\taniraya-erp-laravel\\vendor\\laravel\\framework\\src\\Illuminate\\Foundation\\Application.php(836): Illuminate\\Container\\Container->make('encrypter', Array)
#9 C:\\Users\\IT ZETKA\\Downloads\\taniraya-erp-laravel\\vendor\\laravel\\framework\\src\\Illuminate\\Container\\Container.php(1027): Illuminate\\Foundation\\Application->make('encrypter')
#10 C:\\Users\\IT ZETKA\\Downloads\\taniraya-erp-laravel\\vendor\\laravel\\framework\\src\\Illuminate\\Container\\Container.php(947): Illuminate\\Container\\Container->resolveClass(Object(ReflectionParameter))
#11 C:\\Users\\IT ZETKA\\Downloads\\taniraya-erp-laravel\\vendor\\laravel\\framework\\src\\Illuminate\\Container\\Container.php(908): Illuminate\\Container\\Container->resolveDependencies(Array)
#12 C:\\Users\\IT ZETKA\\Downloads\\taniraya-erp-laravel\\vendor\\laravel\\framework\\src\\Illuminate\\Container\\Container.php(758): Illuminate\\Container\\Container->build('App\\\\Http\\\\Middle...')
#13 C:\\Users\\IT ZETKA\\Downloads\\taniraya-erp-laravel\\vendor\\laravel\\framework\\src\\Illuminate\\Foundation\\Application.php(851): Illuminate\\Container\\Container->resolve('App\\\\Http\\\\Middle...', Array, true)
#14 C:\\Users\\IT ZETKA\\Downloads\\taniraya-erp-laravel\\vendor\\laravel\\framework\\src\\Illuminate\\Container\\Container.php(694): Illuminate\\Foundation\\Application->resolve('App\\\\Http\\\\Middle...', Array)
#15 C:\\Users\\IT ZETKA\\Downloads\\taniraya-erp-laravel\\vendor\\laravel\\framework\\src\\Illuminate\\Foundation\\Application.php(836): Illuminate\\Container\\Container->make('App\\\\Http\\\\Middle...', Array)
#16 C:\\Users\\IT ZETKA\\Downloads\\taniraya-erp-laravel\\vendor\\laravel\\framework\\src\\Illuminate\\Pipeline\\Pipeline.php(156): Illuminate\\Foundation\\Application->make('App\\\\Http\\\\Middle...')
#17 C:\\Users\\IT ZETKA\\Downloads\\taniraya-erp-laravel\\vendor\\laravel\\framework\\src\\Illuminate\\Pipeline\\Pipeline.php(103): Illuminate\\Pipeline\\Pipeline->Illuminate\\Pipeline\\{closure}(Object(Illuminate\\Http\\Request))
#18 C:\\Users\\IT ZETKA\\Downloads\\taniraya-erp-laravel\\vendor\\laravel\\framework\\src\\Illuminate\\Routing\\Router.php(723): Illuminate\\Pipeline\\Pipeline->then(Object(Closure))
#19 C:\\Users\\IT ZETKA\\Downloads\\taniraya-erp-laravel\\vendor\\laravel\\framework\\src\\Illuminate\\Routing\\Router.php(698): Illuminate\\Routing\\Router->runRouteWithinStack(Object(Illuminate\\Routing\\Route), Object(Illuminate\\Http\\Request))
#20 C:\\Users\\IT ZETKA\\Downloads\\taniraya-erp-laravel\\vendor\\laravel\\framework\\src\\Illuminate\\Routing\\Router.php(662): Illuminate\\Routing\\Router->runRoute(Object(Illuminate\\Http\\Request), Object(Illuminate\\Routing\\Route))
#21 C:\\Users\\IT ZETKA\\Downloads\\taniraya-erp-laravel\\vendor\\laravel\\framework\\src\\Illuminate\\Routing\\Router.php(651): Illuminate\\Routing\\Router->dispatchToRoute(Object(Illuminate\\Http\\Request))
#22 C:\\Users\\IT ZETKA\\Downloads\\taniraya-erp-laravel\\vendor\\laravel\\framework\\src\\Illuminate\\Foundation\\Http\\Kernel.php(167): Illuminate\\Routing\\Router->dispatch(Object(Illuminate\\Http\\Request))
#23 C:\\Users\\IT ZETKA\\Downloads\\taniraya-erp-laravel\\vendor\\laravel\\framework\\src\\Illuminate\\Pipeline\\Pipeline.php(128): Illuminate\\Foundation\\Http\\Kernel->Illuminate\\Foundation\\Http\\{closure}(Object(Illuminate\\Http\\Request))
#24 C:\\Users\\IT ZETKA\\Downloads\\taniraya-erp-laravel\\vendor\\laravel\\framework\\src\\Illuminate\\Foundation\\Http\\Middleware\\TransformsRequest.php(21): Illuminate\\Pipeline\\Pipeline->Illuminate\\Pipeline\\{closure}(Object(Illuminate\\Http\\Request))
#25 C:\\Users\\IT ZETKA\\Downloads\\taniraya-erp-laravel\\vendor\\laravel\\framework\\src\\Illuminate\\Foundation\\Http\\Middleware\\ConvertEmptyStringsToNull.php(31): Illuminate\\Foundation\\Http\\Middleware\\TransformsRequest->handle(Object(Illuminate\\Http\\Request), Object(Closure))
#26 C:\\Users\\IT ZETKA\\Downloads\\taniraya-erp-laravel\\vendor\\laravel\\framework\\src\\Illuminate\\Pipeline\\Pipeline.php(167): Illuminate\\Foundation\\Http\\Middleware\\ConvertEmptyStringsToNull->handle(Object(Illuminate\\Http\\Request), Object(Closure))
#27 C:\\Users\\IT ZETKA\\Downloads\\taniraya-erp-laravel\\vendor\\laravel\\framework\\src\\Illuminate\\Foundation\\Http\\Middleware\\TransformsRequest.php(21): Illuminate\\Pipeline\\Pipeline->Illuminate\\Pipeline\\{closure}(Object(Illuminate\\Http\\Request))
#28 C:\\Users\\IT ZETKA\\Downloads\\taniraya-erp-laravel\\vendor\\laravel\\framework\\src\\Illuminate\\Foundation\\Http\\Middleware\\TrimStrings.php(40): Illuminate\\Foundation\\Http\\Middleware\\TransformsRequest->handle(Object(Illuminate\\Http\\Request), Object(Closure))
#29 C:\\Users\\IT ZETKA\\Downloads\\taniraya-erp-laravel\\vendor\\laravel\\framework\\src\\Illuminate\\Pipeline\\Pipeline.php(167): Illuminate\\Foundation\\Http\\Middleware\\TrimStrings->handle(Object(Illuminate\\Http\\Request), Object(Closure))
#30 C:\\Users\\IT ZETKA\\Downloads\\taniraya-erp-laravel\\vendor\\laravel\\framework\\src\\Illuminate\\Foundation\\Http\\Middleware\\ValidatePostSize.php(27): Illuminate\\Pipeline\\Pipeline->Illuminate\\Pipeline\\{closure}(Object(Illuminate\\Http\\Request))
#31 C:\\Users\\IT ZETKA\\Downloads\\taniraya-erp-laravel\\vendor\\laravel\\framework\\src\\Illuminate\\Pipeline\\Pipeline.php(167): Illuminate\\Foundation\\Http\\Middleware\\ValidatePostSize->handle(Object(Illuminate\\Http\\Request), Object(Closure))
#32 C:\\Users\\IT ZETKA\\Downloads\\taniraya-erp-laravel\\vendor\\laravel\\framework\\src\\Illuminate\\Foundation\\Http\\Middleware\\PreventRequestsDuringMaintenance.php(86): Illuminate\\Pipeline\\Pipeline->Illuminate\\Pipeline\\{closure}(Object(Illuminate\\Http\\Request))
#33 C:\\Users\\IT ZETKA\\Downloads\\taniraya-erp-laravel\\vendor\\laravel\\framework\\src\\Illuminate\\Pipeline\\Pipeline.php(167): Illuminate\\Foundation\\Http\\Middleware\\PreventRequestsDuringMaintenance->handle(Object(Illuminate\\Http\\Request), Object(Closure))
#34 C:\\Users\\IT ZETKA\\Downloads\\taniraya-erp-laravel\\vendor\\fruitcake\\laravel-cors\\src\\HandleCors.php(38): Illuminate\\Pipeline\\Pipeline->Illuminate\\Pipeline\\{closure}(Object(Illuminate\\Http\\Request))
#35 C:\\Users\\IT ZETKA\\Downloads\\taniraya-erp-laravel\\vendor\\laravel\\framework\\src\\Illuminate\\Pipeline\\Pipeline.php(167): Fruitcake\\Cors\\HandleCors->handle(Object(Illuminate\\Http\\Request), Object(Closure))
#36 C:\\Users\\IT ZETKA\\Downloads\\taniraya-erp-laravel\\vendor\\laravel\\framework\\src\\Illuminate\\Http\\Middleware\\TrustProxies.php(39): Illuminate\\Pipeline\\Pipeline->Illuminate\\Pipeline\\{closure}(Object(Illuminate\\Http\\Request))
#37 C:\\Users\\IT ZETKA\\Downloads\\taniraya-erp-laravel\\vendor\\laravel\\framework\\src\\Illuminate\\Pipeline\\Pipeline.php(167): Illuminate\\Http\\Middleware\\TrustProxies->handle(Object(Illuminate\\Http\\Request), Object(Closure))
#38 C:\\Users\\IT ZETKA\\Downloads\\taniraya-erp-laravel\\vendor\\laravel\\framework\\src\\Illuminate\\Pipeline\\Pipeline.php(103): Illuminate\\Pipeline\\Pipeline->Illuminate\\Pipeline\\{closure}(Object(Illuminate\\Http\\Request))
#39 C:\\Users\\IT ZETKA\\Downloads\\taniraya-erp-laravel\\vendor\\laravel\\framework\\src\\Illuminate\\Foundation\\Http\\Kernel.php(142): Illuminate\\Pipeline\\Pipeline->then(Object(Closure))
#40 C:\\Users\\IT ZETKA\\Downloads\\taniraya-erp-laravel\\vendor\\laravel\\framework\\src\\Illuminate\\Foundation\\Http\\Kernel.php(111): Illuminate\\Foundation\\Http\\Kernel->sendRequestThroughRouter(Object(Illuminate\\Http\\Request))
#41 C:\\Users\\IT ZETKA\\Downloads\\taniraya-erp-laravel\\public\\index.php(52): Illuminate\\Foundation\\Http\\Kernel->handle(Object(Illuminate\\Http\\Request))
#42 C:\\Users\\IT ZETKA\\Downloads\\taniraya-erp-laravel\\server.php(21): require_once('C:\\\\Users\\\\IT ZET...')
#43 {main}
"} 
[2026-09-23 08:52:50] production.ERROR: No application encryption key has been specified. {"exception":"[object] (Illuminate\\Encryption\\MissingAppKeyException(code: 0): No application encryption key has been specified. at C:\\Users\\IT ZETKA\\Downloads\\taniraya-erp-laravel\\vendor\\laravel\\framework\\src\\Illuminate\\Encryption\\EncryptionServiceProvider.php:101)
[stacktrace]
#0 C:\\Users\\IT ZETKA\\Downloads\\taniraya-erp-laravel\\vendor\\laravel\\framework\\src\\Illuminate\\Support\\helpers.php(263): Illuminate\\Encryption\\EncryptionServiceProvider->Illuminate\\Encryption\\{closure}(NULL)
#1 C:\\Users\\IT ZETKA\\Downloads\\taniraya-erp-laravel\\vendor\\laravel\\framework\\src\\Illuminate\\Encryption\\EncryptionServiceProvider.php(103): tap(NULL, Object(Closure))
#2 C:\\Users\\IT ZETKA\\Downloads\\taniraya-erp-laravel\\vendor\\laravel\\framework\\src\\Illuminate\\Encryption\\EncryptionServiceProvider.php(82): Illuminate\\Encryption\\EncryptionServiceProvider->key(Array)
#3 C:\\Users\\IT ZETKA\\Downloads\\taniraya-erp-laravel\\vendor\\laravel\\framework\\src\\Illuminate\\Encryption\\EncryptionServiceProvider.php(34): Illuminate\\Encryption\\EncryptionServiceProvider->parseKey(Array)
#4 C:\\Users\\IT ZETKA\\Downloads\\taniraya-erp-laravel\\vendor\\laravel\\framework\\src\\Illuminate\\Container\\Container.php(873): Illuminate\\Encryption\\EncryptionServiceProvider->Illuminate\\Encryption\\{closure}(Object(Illuminate\\Foundation\\Application), Array)
#5 C:\\Users\\IT ZETKA\\Downloads\\taniraya-erp-laravel\\vendor\\laravel\\framework\\src\\Illuminate\\Container\\Container.php(758): Illuminate\\Container\\Container->build(Object(Closure))
#6 C:\\Users\\IT ZETKA\\Downloads\\taniraya-erp-laravel\\vendor\\laravel\\framework\\src\\Illuminate\\Foundation\\Application.php(851): Illuminate\\Container\\Container->resolve('encrypter', Array, true)
#7 C:\\Users\\IT ZETKA\\Downloads\\taniraya-erp-laravel\\vendor\\laravel\\framework\\src\\Illuminate\\Container\\Container.php(694): Illuminate\\Foundation\\Application->resolve('encrypter', Array)
#8 C:\\Users\\IT ZETKA\\Downloads\\taniraya-erp-laravel\\vendor\\laravel\\framework\\src\\Illuminate\\Foundation\\Application.php(836): Illuminate\\Container\\Container->make('encrypter', Array)
#9 C:\\Users\\IT ZETKA\\Downloads\\taniraya-erp-laravel\\vendor\\laravel\\framework\\src\\Illuminate\\Container\\Container.php(1027): Illuminate\\Foundation\\Application->make('encrypter')
#10 C:\\Users\\IT ZETKA\\Downloads\\taniraya-erp-laravel\\vendor\\laravel\\framework\\src\\Illuminate\\Container\\Container.php(947): Illuminate\\Container\\Container->resolveClass(Object(ReflectionParameter))
#11 C:\\Users\\IT ZETKA\\Downloads\\taniraya-erp-laravel\\vendor\\laravel\\framework\\src\\Illuminate\\Container\\Container.php(908): Illuminate\\Container\\Container->resolveDependencies(Array)
#12 C:\\Users\\IT ZETKA\\Downloads\\taniraya-erp-laravel\\vendor\\laravel\\framework\\src\\Illuminate\\Container\\Container.php(758): Illuminate\\Container\\Container->build('App\\\\Http\\\\Middle...')
#13 C:\\Users\\IT ZETKA\\Downloads\\taniraya-erp-laravel\\vendor\\laravel\\framework\\src\\Illuminate\\Foundation\\Application.php(851): Illuminate\\Container\\Container->resolve('App\\\\Http\\\\Middle...', Array, true)
#14 C:\\Users\\IT ZETKA\\Downloads\\taniraya-erp-laravel\\vendor\\laravel\\framework\\src\\Illuminate\\Container\\Container.php(694): Illuminate\\Foundation\\Application->resolve('App\\\\Http\\\\Middle...', Array)
#15 C:\\Users\\IT ZETKA\\Downloads\\taniraya-erp-laravel\\vendor\\laravel\\framework\\src\\Illuminate\\Foundation\\Application.php(836): Illuminate\\Container\\Container->make('App\\\\Http\\\\Middle...', Array)
#16 C:\\Users\\IT ZETKA\\Downloads\\taniraya-erp-laravel\\vendor\\laravel\\framework\\src\\Illuminate\\Foundation\\Http\\Kernel.php(206): Illuminate\\Foundation\\Application->make('App\\\\Http\\\\Middle...')
#17 C:\\Users\\IT ZETKA\\Downloads\\taniraya-erp-laravel\\vendor\\laravel\\framework\\src\\Illuminate\\Foundation\\Http\\Kernel.php(180): Illuminate\\Foundation\\Http\\Kernel->terminateMiddleware(Object(Illuminate\\Http\\Request), Object(Illuminate\\Http\\Response))
#18 C:\\Users\\IT ZETKA\\Downloads\\taniraya-erp-laravel\\public\\index.php(55): Illuminate\\Foundation\\Http\\Kernel->terminate(Object(Illuminate\\Http\\Request), Object(Illuminate\\Http\\Response))
#19 C:\\Users\\IT ZETKA\\Downloads\\taniraya-erp-laravel\\server.php(21): require_once('C:\\\\Users\\\\IT ZET...')
#20 {main}
"} 
[2026-09-23 09:00:55] production.ERROR: No application encryption key has been specified. {"exception":"[object] (Illuminate\\Encryption\\MissingAppKeyException(code: 0): No application encryption key has been specified. at C:\\Users\\IT ZETKA\\Downloads\\taniraya-erp-laravel\\vendor\\laravel\\framework\\src\\Illuminate\\Encryption\\EncryptionServiceProvider.php:101)
[stacktrace]
#0 C:\\Users\\IT ZETKA\\Downloads\\taniraya-erp-laravel\\vendor\\laravel\\framework\\src\\Illuminate\\Support\\helpers.php(263): Illuminate\\Encryption\\EncryptionServiceProvider->Illuminate\\Encryption\\{closure}(NULL)
#1 C:\\Users\\IT ZETKA\\Downloads\\taniraya-erp-laravel\\vendor\\laravel\\framework\\src\\Illuminate\\Encryption\\EncryptionServiceProvider.php(103): tap(NULL, Object(Closure))
#2 C:\\Users\\IT ZETKA\\Downloads\\taniraya-erp-laravel\\vendor\\laravel\\framework\\src\\Illuminate\\Encryption\\EncryptionServiceProvider.php(82): Illuminate\\Encryption\\EncryptionServiceProvider->key(Array)
#3 C:\\Users\\IT ZETKA\\Downloads\\taniraya-erp-laravel\\vendor\\laravel\\framework\\src\\Illuminate\\Encryption\\EncryptionServiceProvider.php(34): Illuminate\\Encryption\\EncryptionServiceProvider->parseKey(Array)
#4 C:\\Users\\IT ZETKA\\Downloads\\taniraya-erp-laravel\\vendor\\laravel\\framework\\src\\Illuminate\\Container\\Container.php(873): Illuminate\\Encryption\\EncryptionServiceProvider->Illuminate\\Encryption\\{closure}(Object(Illuminate\\Foundation\\Application), Array)
#5 C:\\Users\\IT ZETKA\\Downloads\\taniraya-erp-laravel\\vendor\\laravel\\framework\\src\\Illuminate\\Container\\Container.php(758): Illuminate\\Container\\Container->build(Object(Closure))
#6 C:\\Users\\IT ZETKA\\Downloads\\taniraya-erp-laravel\\vendor\\laravel\\framework\\src\\Illuminate\\Foundation\\Application.php(851): Illuminate\\Container\\Container->resolve('encrypter', Array, true)
#7 C:\\Users\\IT ZETKA\\Downloads\\taniraya-erp-laravel\\vendor\\laravel\\framework\\src\\Illuminate\\Container\\Container.php(694): Illuminate\\Foundation\\Application->resolve('encrypter', Array)
#8 C:\\Users\\IT ZETKA\\Downloads\\taniraya-erp-laravel\\vendor\\laravel\\framework\\src\\Illuminate\\Foundation\\Application.php(836): Illuminate\\Container\\Container->make('encrypter', Array)
#9 C:\\Users\\IT ZETKA\\Downloads\\taniraya-erp-laravel\\vendor\\laravel\\framework\\src\\Illuminate\\Container\\Container.php(1027): Illuminate\\Foundation\\Application->make('encrypter')
#10 C:\\Users\\IT ZETKA\\Downloads\\taniraya-erp-laravel\\vendor\\laravel\\framework\\src\\Illuminate\\Container\\Container.php(947): Illuminate\\Container\\Container->resolveClass(Object(ReflectionParameter))
#11 C:\\Users\\IT ZETKA\\Downloads\\taniraya-erp-laravel\\vendor\\laravel\\framework\\src\\Illuminate\\Container\\Container.php(908): Illuminate\\Container\\Container->resolveDependencies(Array)
#12 C:\\Users\\IT ZETKA\\Downloads\\taniraya-erp-laravel\\vendor\\laravel\\framework\\src\\Illuminate\\Container\\Container.php(758): Illuminate\\Container\\Container->build('App\\\\Http\\\\Middle...')
#13 C:\\Users\\IT ZETKA\\Downloads\\taniraya-erp-laravel\\vendor\\laravel\\framework\\src\\Illuminate\\Foundation\\Application.php(851): Illuminate\\Container\\Container->resolve('App\\\\Http\\\\Middle...', Array, true)
#14 C:\\Users\\IT ZETKA\\Downloads\\taniraya-erp-laravel\\vendor\\laravel\\framework\\src\\Illuminate\\Container\\Container.php(694): Illuminate\\Foundation\\Application->resolve('App\\\\Http\\\\Middle...', Array)
#15 C:\\Users\\IT ZETKA\\Downloads\\taniraya-erp-laravel\\vendor\\laravel\\framework\\src\\Illuminate\\Foundation\\Application.php(836): Illuminate\\Container\\Container->make('App\\\\Http\\\\Middle...', Array)
#16 C:\\Users\\IT ZETKA\\Downloads\\taniraya-erp-laravel\\vendor\\laravel\\framework\\src\\Illuminate\\Pipeline\\Pipeline.php(156): Illuminate\\Foundation\\Application->make('App\\\\Http\\\\Middle...')
#17 C:\\Users\\IT ZETKA\\Downloads\\taniraya-erp-laravel\\vendor\\laravel\\framework\\src\\Illuminate\\Pipeline\\Pipeline.php(103): Illuminate\\Pipeline\\Pipeline->Illuminate\\Pipeline\\{closure}(Object(Illuminate\\Http\\Request))
#18 C:\\Users\\IT ZETKA\\Downloads\\taniraya-erp-laravel\\vendor\\laravel\\framework\\src\\Illuminate\\Routing\\Router.php(723): Illuminate\\Pipeline\\Pipeline->then(Object(Closure))
#19 C:\\Users\\IT ZETKA\\Downloads\\taniraya-erp-laravel\\vendor\\laravel\\framework\\src\\Illuminate\\Routing\\Router.php(698): Illuminate\\Routing\\Router->runRouteWithinStack(Object(Illuminate\\Routing\\Route), Object(Illuminate\\Http\\Request))
#20 C:\\Users\\IT ZETKA\\Downloads\\taniraya-erp-laravel\\vendor\\laravel\\framework\\src\\Illuminate\\Routing\\Router.php(662): Illuminate\\Routing\\Router->runRoute(Object(Illuminate\\Http\\Request), Object(Illuminate\\Routing\\Route))
#21 C:\\Users\\IT ZETKA\\Downloads\\taniraya-erp-laravel\\vendor\\laravel\\framework\\src\\Illuminate\\Routing\\Router.php(651): Illuminate\\Routing\\Router->dispatchToRoute(Object(Illuminate\\Http\\Request))
#22 C:\\Users\\IT ZETKA\\Downloads\\taniraya-erp-laravel\\vendor\\laravel\\framework\\src\\Illuminate\\Foundation\\Http\\Kernel.php(167): Illuminate\\Routing\\Router->dispatch(Object(Illuminate\\Http\\Request))
#23 C:\\Users\\IT ZETKA\\Downloads\\taniraya-erp-laravel\\vendor\\laravel\\framework\\src\\Illuminate\\Pipeline\\Pipeline.php(128): Illuminate\\Foundation\\Http\\Kernel->Illuminate\\Foundation\\Http\\{closure}(Object(Illuminate\\Http\\Request))
#24 C:\\Users\\IT ZETKA\\Downloads\\taniraya-erp-laravel\\vendor\\laravel\\framework\\src\\Illuminate\\Foundation\\Http\\Middleware\\TransformsRequest.php(21): Illuminate\\Pipeline\\Pipeline->Illuminate\\Pipeline\\{closure}(Object(Illuminate\\Http\\Request))
#25 C:\\Users\\IT ZETKA\\Downloads\\taniraya-erp-laravel\\vendor\\laravel\\framework\\src\\Illuminate\\Foundation\\Http\\Middleware\\ConvertEmptyStringsToNull.php(31): Illuminate\\Foundation\\Http\\Middleware\\TransformsRequest->handle(Object(Illuminate\\Http\\Request), Object(Closure))
#26 C:\\Users\\IT ZETKA\\Downloads\\taniraya-erp-laravel\\vendor\\laravel\\framework\\src\\Illuminate\\Pipeline\\Pipeline.php(167): Illuminate\\Foundation\\Http\\Middleware\\ConvertEmptyStringsToNull->handle(Object(Illuminate\\Http\\Request), Object(Closure))
#27 C:\\Users\\IT ZETKA\\Downloads\\taniraya-erp-laravel\\vendor\\laravel\\framework\\src\\Illuminate\\Foundation\\Http\\Middleware\\TransformsRequest.php(21): Illuminate\\Pipeline\\Pipeline->Illuminate\\Pipeline\\{closure}(Object(Illuminate\\Http\\Request))
#28 C:\\Users\\IT ZETKA\\Downloads\\taniraya-erp-laravel\\vendor\\laravel\\framework\\src\\Illuminate\\Foundation\\Http\\Middleware\\TrimStrings.php(40): Illuminate\\Foundation\\Http\\Middleware\\TransformsRequest->handle(Object(Illuminate\\Http\\Request), Object(Closure))
#29 C:\\Users\\IT ZETKA\\Downloads\\taniraya-erp-laravel\\vendor\\laravel\\framework\\src\\Illuminate\\Pipeline\\Pipeline.php(167): Illuminate\\Foundation\\Http\\Middleware\\TrimStrings->handle(Object(Illuminate\\Http\\Request), Object(Closure))
#30 C:\\Users\\IT ZETKA\\Downloads\\taniraya-erp-laravel\\vendor\\laravel\\framework\\src\\Illuminate\\Foundation\\Http\\Middleware\\ValidatePostSize.php(27): Illuminate\\Pipeline\\Pipeline->Illuminate\\Pipeline\\{closure}(Object(Illuminate\\Http\\Request))
#31 C:\\Users\\IT ZETKA\\Downloads\\taniraya-erp-laravel\\vendor\\laravel\\framework\\src\\Illuminate\\Pipeline\\Pipeline.php(167): Illuminate\\Foundation\\Http\\Middleware\\ValidatePostSize->handle(Object(Illuminate\\Http\\Request), Object(Closure))
#32 C:\\Users\\IT ZETKA\\Downloads\\taniraya-erp-laravel\\vendor\\laravel\\framework\\src\\Illuminate\\Foundation\\Http\\Middleware\\PreventRequestsDuringMaintenance.php(86): Illuminate\\Pipeline\\Pipeline->Illuminate\\Pipeline\\{closure}(Object(Illuminate\\Http\\Request))
#33 C:\\Users\\IT ZETKA\\Downloads\\taniraya-erp-laravel\\vendor\\laravel\\framework\\src\\Illuminate\\Pipeline\\Pipeline.php(167): Illuminate\\Foundation\\Http\\Middleware\\PreventRequestsDuringMaintenance->handle(Object(Illuminate\\Http\\Request), Object(Closure))
#34 C:\\Users\\IT ZETKA\\Downloads\\taniraya-erp-laravel\\vendor\\fruitcake\\laravel-cors\\src\\HandleCors.php(38): Illuminate\\Pipeline\\Pipeline->Illuminate\\Pipeline\\{closure}(Object(Illuminate\\Http\\Request))
#35 C:\\Users\\IT ZETKA\\Downloads\\taniraya-erp-laravel\\vendor\\laravel\\framework\\src\\Illuminate\\Pipeline\\Pipeline.php(167): Fruitcake\\Cors\\HandleCors->handle(Object(Illuminate\\Http\\Request), Object(Closure))
#36 C:\\Users\\IT ZETKA\\Downloads\\taniraya-erp-laravel\\vendor\\laravel\\framework\\src\\Illuminate\\Http\\Middleware\\TrustProxies.php(39): Illuminate\\Pipeline\\Pipeline->Illuminate\\Pipeline\\{closure}(Object(Illuminate\\Http\\Request))
#37 C:\\Users\\IT ZETKA\\Downloads\\taniraya-erp-laravel\\vendor\\laravel\\framework\\src\\Illuminate\\Pipeline\\Pipeline.php(167): Illuminate\\Http\\Middleware\\TrustProxies->handle(Object(Illuminate\\Http\\Request), Object(Closure))
#38 C:\\Users\\IT ZETKA\\Downloads\\taniraya-erp-laravel\\vendor\\laravel\\framework\\src\\Illuminate\\Pipeline\\Pipeline.php(103): Illuminate\\Pipeline\\Pipeline->Illuminate\\Pipeline\\{closure}(Object(Illuminate\\Http\\Request))
#39 C:\\Users\\IT ZETKA\\Downloads\\taniraya-erp-laravel\\vendor\\laravel\\framework\\src\\Illuminate\\Foundation\\Http\\Kernel.php(142): Illuminate\\Pipeline\\Pipeline->then(Object(Closure))
#40 C:\\Users\\IT ZETKA\\Downloads\\taniraya-erp-laravel\\vendor\\laravel\\framework\\src\\Illuminate\\Foundation\\Http\\Kernel.php(111): Illuminate\\Foundation\\Http\\Kernel->sendRequestThroughRouter(Object(Illuminate\\Http\\Request))
#41 C:\\Users\\IT ZETKA\\Downloads\\taniraya-erp-laravel\\public\\index.php(52): Illuminate\\Foundation\\Http\\Kernel->handle(Object(Illuminate\\Http\\Request))
#42 C:\\Users\\IT ZETKA\\Downloads\\taniraya-erp-laravel\\server.php(21): require_once('C:\\\\Users\\\\IT ZET...')
#43 {main}
"} 
[2026-09-23 09:00:55] production.ERROR: No application encryption key has been specified. {"exception":"[object] (Illuminate\\Encryption\\MissingAppKeyException(code: 0): No application encryption key has been specified. at C:\\Users\\IT ZETKA\\Downloads\\taniraya-erp-laravel\\vendor\\laravel\\framework\\src\\Illuminate\\Encryption\\EncryptionServiceProvider.php:101)
[stacktrace]
#0 C:\\Users\\IT ZETKA\\Downloads\\taniraya-erp-laravel\\vendor\\laravel\\framework\\src\\Illuminate\\Support\\helpers.php(263): Illuminate\\Encryption\\EncryptionServiceProvider->Illuminate\\Encryption\\{closure}(NULL)
#1 C:\\Users\\IT ZETKA\\Downloads\\taniraya-erp-laravel\\vendor\\laravel\\framework\\src\\Illuminate\\Encryption\\EncryptionServiceProvider.php(103): tap(NULL, Object(Closure))
#2 C:\\Users\\IT ZETKA\\Downloads\\taniraya-erp-laravel\\vendor\\laravel\\framework\\src\\Illuminate\\Encryption\\EncryptionServiceProvider.php(82): Illuminate\\Encryption\\EncryptionServiceProvider->key(Array)
#3 C:\\Users\\IT ZETKA\\Downloads\\taniraya-erp-laravel\\vendor\\laravel\\framework\\src\\Illuminate\\Encryption\\EncryptionServiceProvider.php(34): Illuminate\\Encryption\\EncryptionServiceProvider->parseKey(Array)
#4 C:\\Users\\IT ZETKA\\Downloads\\taniraya-erp-laravel\\vendor\\laravel\\framework\\src\\Illuminate\\Container\\Container.php(873): Illuminate\\Encryption\\EncryptionServiceProvider->Illuminate\\Encryption\\{closure}(Object(Illuminate\\Foundation\\Application), Array)
#5 C:\\Users\\IT ZETKA\\Downloads\\taniraya-erp-laravel\\vendor\\laravel\\framework\\src\\Illuminate\\Container\\Container.php(758): Illuminate\\Container\\Container->build(Object(Closure))
#6 C:\\Users\\IT ZETKA\\Downloads\\taniraya-erp-laravel\\vendor\\laravel\\framework\\src\\Illuminate\\Foundation\\Application.php(851): Illuminate\\Container\\Container->resolve('encrypter', Array, true)
#7 C:\\Users\\IT ZETKA\\Downloads\\taniraya-erp-laravel\\vendor\\laravel\\framework\\src\\Illuminate\\Container\\Container.php(694): Illuminate\\Foundation\\Application->resolve('encrypter', Array)
#8 C:\\Users\\IT ZETKA\\Downloads\\taniraya-erp-laravel\\vendor\\laravel\\framework\\src\\Illuminate\\Foundation\\Application.php(836): Illuminate\\Container\\Container->make('encrypter', Array)
#9 C:\\Users\\IT ZETKA\\Downloads\\taniraya-erp-laravel\\vendor\\laravel\\framework\\src\\Illuminate\\Container\\Container.php(1027): Illuminate\\Foundation\\Application->make('encrypter')
#10 C:\\Users\\IT ZETKA\\Downloads\\taniraya-erp-laravel\\vendor\\laravel\\framework\\src\\Illuminate\\Container\\Container.php(947): Illuminate\\Container\\Container->resolveClass(Object(ReflectionParameter))
#11 C:\\Users\\IT ZETKA\\Downloads\\taniraya-erp-laravel\\vendor\\laravel\\framework\\src\\Illuminate\\Container\\Container.php(908): Illuminate\\Container\\Container->resolveDependencies(Array)
#12 C:\\Users\\IT ZETKA\\Downloads\\taniraya-erp-laravel\\vendor\\laravel\\framework\\src\\Illuminate\\Container\\Container.php(758): Illuminate\\Container\\Container->build('App\\\\Http\\\\Middle...')
#13 C:\\Users\\IT ZETKA\\Downloads\\taniraya-erp-laravel\\vendor\\laravel\\framework\\src\\Illuminate\\Foundation\\Application.php(851): Illuminate\\Container\\Container->resolve('App\\\\Http\\\\Middle...', Array, true)
#14 C:\\Users\\IT ZETKA\\Downloads\\taniraya-erp-laravel\\vendor\\laravel\\framework\\src\\Illuminate\\Container\\Container.php(694): Illuminate\\Foundation\\Application->resolve('App\\\\Http\\\\Middle...', Array)
#15 C:\\Users\\IT ZETKA\\Downloads\\taniraya-erp-laravel\\vendor\\laravel\\framework\\src\\Illuminate\\Foundation\\Application.php(836): Illuminate\\Container\\Container->make('App\\\\Http\\\\Middle...', Array)
#16 C:\\Users\\IT ZETKA\\Downloads\\taniraya-erp-laravel\\vendor\\laravel\\framework\\src\\Illuminate\\Foundation\\Http\\Kernel.php(206): Illuminate\\Foundation\\Application->make('App\\\\Http\\\\Middle...')
#17 C:\\Users\\IT ZETKA\\Downloads\\taniraya-erp-laravel\\vendor\\laravel\\framework\\src\\Illuminate\\Foundation\\Http\\Kernel.php(180): Illuminate\\Foundation\\Http\\Kernel->terminateMiddleware(Object(Illuminate\\Http\\Request), Object(Illuminate\\Http\\Response))
#18 C:\\Users\\IT ZETKA\\Downloads\\taniraya-erp-laravel\\public\\index.php(55): Illuminate\\Foundation\\Http\\Kernel->terminate(Object(Illuminate\\Http\\Request), Object(Illuminate\\Http\\Response))
#19 C:\\Users\\IT ZETKA\\Downloads\\taniraya-erp-laravel\\server.php(21): require_once('C:\\\\Users\\\\IT ZET...')
#20 {main}
"} 
[2026-09-23 09:07:19] local.ERROR: No application encryption key has been specified. {"exception":"[object] (Illuminate\\Encryption\\MissingAppKeyException(code: 0): No application encryption key has been specified. at C:\\Users\\IT ZETKA\\Downloads\\taniraya-erp-laravel\\vendor\\laravel\\framework\\src\\Illuminate\\Encryption\\EncryptionServiceProvider.php:101)
[stacktrace]
#0 C:\\Users\\IT ZETKA\\Downloads\\taniraya-erp-laravel\\vendor\\laravel\\framework\\src\\Illuminate\\Support\\helpers.php(263): Illuminate\\Encryption\\EncryptionServiceProvider->Illuminate\\Encryption\\{closure}('')
#1 C:\\Users\\IT ZETKA\\Downloads\\taniraya-erp-laravel\\vendor\\laravel\\framework\\src\\Illuminate\\Encryption\\EncryptionServiceProvider.php(103): tap('', Object(Closure))
#2 C:\\Users\\IT ZETKA\\Downloads\\taniraya-erp-laravel\\vendor\\laravel\\framework\\src\\Illuminate\\Encryption\\EncryptionServiceProvider.php(82): Illuminate\\Encryption\\EncryptionServiceProvider->key(Array)
#3 C:\\Users\\IT ZETKA\\Downloads\\taniraya-erp-laravel\\vendor\\laravel\\framework\\src\\Illuminate\\Encryption\\EncryptionServiceProvider.php(34): Illuminate\\Encryption\\EncryptionServiceProvider->parseKey(Array)
#4 C:\\Users\\IT ZETKA\\Downloads\\taniraya-erp-laravel\\vendor\\laravel\\framework\\src\\Illuminate\\Container\\Container.php(873): Illuminate\\Encryption\\EncryptionServiceProvider->Illuminate\\Encryption\\{closure}(Object(Illuminate\\Foundation\\Application), Array)
#5 C:\\Users\\IT ZETKA\\Downloads\\taniraya-erp-laravel\\vendor\\laravel\\framework\\src\\Illuminate\\Container\\Container.php(758): Illuminate\\Container\\Container->build(Object(Closure))
#6 C:\\Users\\IT ZETKA\\Downloads\\taniraya-erp-laravel\\vendor\\laravel\\framework\\src\\Illuminate\\Foundation\\Application.php(851): Illuminate\\Container\\Container->resolve('encrypter', Array, true)
#7 C:\\Users\\IT ZETKA\\Downloads\\taniraya-erp-laravel\\vendor\\laravel\\framework\\src\\Illuminate\\Container\\Container.php(694): Illuminate\\Foundation\\Application->resolve('encrypter', Array)
#8 C:\\Users\\IT ZETKA\\Downloads\\taniraya-erp-laravel\\vendor\\laravel\\framework\\src\\Illuminate\\Foundation\\Application.php(836): Illuminate\\Container\\Container->make('encrypter', Array)
#9 C:\\Users\\IT ZETKA\\Downloads\\taniraya-erp-laravel\\vendor\\laravel\\framework\\src\\Illuminate\\Container\\Container.php(1027): Illuminate\\Foundation\\Application->make('encrypter')
#10 C:\\Users\\IT ZETKA\\Downloads\\taniraya-erp-laravel\\vendor\\laravel\\framework\\src\\Illuminate\\Container\\Container.php(947): Illuminate\\Container\\Container->resolveClass(Object(ReflectionParameter))
#11 C:\\Users\\IT ZETKA\\Downloads\\taniraya-erp-laravel\\vendor\\laravel\\framework\\src\\Illuminate\\Container\\Container.php(908): Illuminate\\Container\\Container->resolveDependencies(Array)
#12 C:\\Users\\IT ZETKA\\Downloads\\taniraya-erp-laravel\\vendor\\laravel\\framework\\src\\Illuminate\\Container\\Container.php(758): Illuminate\\Container\\Container->build('App\\\\Http\\\\Middle...')
#13 C:\\Users\\IT ZETKA\\Downloads\\taniraya-erp-laravel\\vendor\\laravel\\framework\\src\\Illuminate\\Foundation\\Application.php(851): Illuminate\\Container\\Container->resolve('App\\\\Http\\\\Middle...', Array, true)
#14 C:\\Users\\IT ZETKA\\Downloads\\taniraya-erp-laravel\\vendor\\laravel\\framework\\src\\Illuminate\\Container\\Container.php(694): Illuminate\\Foundation\\Application->resolve('App\\\\Http\\\\Middle...', Array)
#15 C:\\Users\\IT ZETKA\\Downloads\\taniraya-erp-laravel\\vendor\\laravel\\framework\\src\\Illuminate\\Foundation\\Application.php(836): Illuminate\\Container\\Container->make('App\\\\Http\\\\Middle...', Array)
#16 C:\\Users\\IT ZETKA\\Downloads\\taniraya-erp-laravel\\vendor\\laravel\\framework\\src\\Illuminate\\Pipeline\\Pipeline.php(156): Illuminate\\Foundation\\Application->make('App\\\\Http\\\\Middle...')
#17 C:\\Users\\IT ZETKA\\Downloads\\taniraya-erp-laravel\\vendor\\laravel\\framework\\src\\Illuminate\\Pipeline\\Pipeline.php(103): Illuminate\\Pipeline\\Pipeline->Illuminate\\Pipeline\\{closure}(Object(Illuminate\\Http\\Request))
#18 C:\\Users\\IT ZETKA\\Downloads\\taniraya-erp-laravel\\vendor\\laravel\\framework\\src\\Illuminate\\Routing\\Router.php(723): Illuminate\\Pipeline\\Pipeline->then(Object(Closure))
#19 C:\\Users\\IT ZETKA\\Downloads\\taniraya-erp-laravel\\vendor\\laravel\\framework\\src\\Illuminate\\Routing\\Router.php(698): Illuminate\\Routing\\Router->runRouteWithinStack(Object(Illuminate\\Routing\\Route), Object(Illuminate\\Http\\Request))
#20 C:\\Users\\IT ZETKA\\Downloads\\taniraya-erp-laravel\\vendor\\laravel\\framework\\src\\Illuminate\\Routing\\Router.php(662): Illuminate\\Routing\\Router->runRoute(Object(Illuminate\\Http\\Request), Object(Illuminate\\Routing\\Route))
#21 C:\\Users\\IT ZETKA\\Downloads\\taniraya-erp-laravel\\vendor\\laravel\\framework\\src\\Illuminate\\Routing\\Router.php(651): Illuminate\\Routing\\Router->dispatchToRoute(Object(Illuminate\\Http\\Request))
#22 C:\\Users\\IT ZETKA\\Downloads\\taniraya-erp-laravel\\vendor\\laravel\\framework\\src\\Illuminate\\Foundation\\Http\\Kernel.php(167): Illuminate\\Routing\\Router->dispatch(Object(Illuminate\\Http\\Request))
#23 C:\\Users\\IT ZETKA\\Downloads\\taniraya-erp-laravel\\vendor\\laravel\\framework\\src\\Illuminate\\Pipeline\\Pipeline.php(128): Illuminate\\Foundation\\Http\\Kernel->Illuminate\\Foundation\\Http\\{closure}(Object(Illuminate\\Http\\Request))
#24 C:\\Users\\IT ZETKA\\Downloads\\taniraya-erp-laravel\\vendor\\laravel\\framework\\src\\Illuminate\\Foundation\\Http\\Middleware\\TransformsRequest.php(21): Illuminate\\Pipeline\\Pipeline->Illuminate\\Pipeline\\{closure}(Object(Illuminate\\Http\\Request))
#25 C:\\Users\\IT ZETKA\\Downloads\\taniraya-erp-laravel\\vendor\\laravel\\framework\\src\\Illuminate\\Foundation\\Http\\Middleware\\ConvertEmptyStringsToNull.php(31): Illuminate\\Foundation\\Http\\Middleware\\TransformsRequest->handle(Object(Illuminate\\Http\\Request), Object(Closure))
#26 C:\\Users\\IT ZETKA\\Downloads\\taniraya-erp-laravel\\vendor\\laravel\\framework\\src\\Illuminate\\Pipeline\\Pipeline.php(167): Illuminate\\Foundation\\Http\\Middleware\\ConvertEmptyStringsToNull->handle(Object(Illuminate\\Http\\Request), Object(Closure))
#27 C:\\Users\\IT ZETKA\\Downloads\\taniraya-erp-laravel\\vendor\\laravel\\framework\\src\\Illuminate\\Foundation\\Http\\Middleware\\TransformsRequest.php(21): Illuminate\\Pipeline\\Pipeline->Illuminate\\Pipeline\\{closure}(Object(Illuminate\\Http\\Request))
#28 C:\\Users\\IT ZETKA\\Downloads\\taniraya-erp-laravel\\vendor\\laravel\\framework\\src\\Illuminate\\Foundation\\Http\\Middleware\\TrimStrings.php(40): Illuminate\\Foundation\\Http\\Middleware\\TransformsRequest->handle(Object(Illuminate\\Http\\Request), Object(Closure))
#29 C:\\Users\\IT ZETKA\\Downloads\\taniraya-erp-laravel\\vendor\\laravel\\framework\\src\\Illuminate\\Pipeline\\Pipeline.php(167): Illuminate\\Foundation\\Http\\Middleware\\TrimStrings->handle(Object(Illuminate\\Http\\Request), Object(Closure))
#30 C:\\Users\\IT ZETKA\\Downloads\\taniraya-erp-laravel\\vendor\\laravel\\framework\\src\\Illuminate\\Foundation\\Http\\Middleware\\ValidatePostSize.php(27): Illuminate\\Pipeline\\Pipeline->Illuminate\\Pipeline\\{closure}(Object(Illuminate\\Http\\Request))
#31 C:\\Users\\IT ZETKA\\Downloads\\taniraya-erp-laravel\\vendor\\laravel\\framework\\src\\Illuminate\\Pipeline\\Pipeline.php(167): Illuminate\\Foundation\\Http\\Middleware\\ValidatePostSize->handle(Object(Illuminate\\Http\\Request), Object(Closure))
#32 C:\\Users\\IT ZETKA\\Downloads\\taniraya-erp-laravel\\vendor\\laravel\\framework\\src\\Illuminate\\Foundation\\Http\\Middleware\\PreventRequestsDuringMaintenance.php(86): Illuminate\\Pipeline\\Pipeline->Illuminate\\Pipeline\\{closure}(Object(Illuminate\\Http\\Request))
#33 C:\\Users\\IT ZETKA\\Downloads\\taniraya-erp-laravel\\vendor\\laravel\\framework\\src\\Illuminate\\Pipeline\\Pipeline.php(167): Illuminate\\Foundation\\Http\\Middleware\\PreventRequestsDuringMaintenance->handle(Object(Illuminate\\Http\\Request), Object(Closure))
#34 C:\\Users\\IT ZETKA\\Downloads\\taniraya-erp-laravel\\vendor\\fruitcake\\laravel-cors\\src\\HandleCors.php(38): Illuminate\\Pipeline\\Pipeline->Illuminate\\Pipeline\\{closure}(Object(Illuminate\\Http\\Request))
#35 C:\\Users\\IT ZETKA\\Downloads\\taniraya-erp-laravel\\vendor\\laravel\\framework\\src\\Illuminate\\Pipeline\\Pipeline.php(167): Fruitcake\\Cors\\HandleCors->handle(Object(Illuminate\\Http\\Request), Object(Closure))
#36 C:\\Users\\IT ZETKA\\Downloads\\taniraya-erp-laravel\\vendor\\laravel\\framework\\src\\Illuminate\\Http\\Middleware\\TrustProxies.php(39): Illuminate\\Pipeline\\Pipeline->Illuminate\\Pipeline\\{closure}(Object(Illuminate\\Http\\Request))
#37 C:\\Users\\IT ZETKA\\Downloads\\taniraya-erp-laravel\\vendor\\laravel\\framework\\src\\Illuminate\\Pipeline\\Pipeline.php(167): Illuminate\\Http\\Middleware\\TrustProxies->handle(Object(Illuminate\\Http\\Request), Object(Closure))
#38 C:\\Users\\IT ZETKA\\Downloads\\taniraya-erp-laravel\\vendor\\laravel\\framework\\src\\Illuminate\\Pipeline\\Pipeline.php(103): Illuminate\\Pipeline\\Pipeline->Illuminate\\Pipeline\\{closure}(Object(Illuminate\\Http\\Request))
#39 C:\\Users\\IT ZETKA\\Downloads\\taniraya-erp-laravel\\vendor\\laravel\\framework\\src\\Illuminate\\Foundation\\Http\\Kernel.php(142): Illuminate\\Pipeline\\Pipeline->then(Object(Closure))
#40 C:\\Users\\IT ZETKA\\Downloads\\taniraya-erp-laravel\\vendor\\laravel\\framework\\src\\Illuminate\\Foundation\\Http\\Kernel.php(111): Illuminate\\Foundation\\Http\\Kernel->sendRequestThroughRouter(Object(Illuminate\\Http\\Request))
#41 C:\\Users\\IT ZETKA\\Downloads\\taniraya-erp-laravel\\public\\index.php(52): Illuminate\\Foundation\\Http\\Kernel->handle(Object(Illuminate\\Http\\Request))
#42 C:\\Users\\IT ZETKA\\Downloads\\taniraya-erp-laravel\\server.php(21): require_once('C:\\\\Users\\\\IT ZET...')
#43 {main}
"} 
[2026-09-23 09:07:20] local.ERROR: No application encryption key has been specified. {"exception":"[object] (Illuminate\\Encryption\\MissingAppKeyException(code: 0): No application encryption key has been specified. at C:\\Users\\IT ZETKA\\Downloads\\taniraya-erp-laravel\\vendor\\laravel\\framework\\src\\Illuminate\\Encryption\\EncryptionServiceProvider.php:101)
[stacktrace]
#0 C:\\Users\\IT ZETKA\\Downloads\\taniraya-erp-laravel\\vendor\\laravel\\framework\\src\\Illuminate\\Support\\helpers.php(263): Illuminate\\Encryption\\EncryptionServiceProvider->Illuminate\\Encryption\\{closure}('')
#1 C:\\Users\\IT ZETKA\\Downloads\\taniraya-erp-laravel\\vendor\\laravel\\framework\\src\\Illuminate\\Encryption\\EncryptionServiceProvider.php(103): tap('', Object(Closure))
#2 C:\\Users\\IT ZETKA\\Downloads\\taniraya-erp-laravel\\vendor\\laravel\\framework\\src\\Illuminate\\Encryption\\EncryptionServiceProvider.php(82): Illuminate\\Encryption\\EncryptionServiceProvider->key(Array)
#3 C:\\Users\\IT ZETKA\\Downloads\\taniraya-erp-laravel\\vendor\\laravel\\framework\\src\\Illuminate\\Encryption\\EncryptionServiceProvider.php(34): Illuminate\\Encryption\\EncryptionServiceProvider->parseKey(Array)
#4 C:\\Users\\IT ZETKA\\Downloads\\taniraya-erp-laravel\\vendor\\laravel\\framework\\src\\Illuminate\\Container\\Container.php(873): Illuminate\\Encryption\\EncryptionServiceProvider->Illuminate\\Encryption\\{closure}(Object(Illuminate\\Foundation\\Application), Array)
#5 C:\\Users\\IT ZETKA\\Downloads\\taniraya-erp-laravel\\vendor\\laravel\\framework\\src\\Illuminate\\Container\\Container.php(758): Illuminate\\Container\\Container->build(Object(Closure))
#6 C:\\Users\\IT ZETKA\\Downloads\\taniraya-erp-laravel\\vendor\\laravel\\framework\\src\\Illuminate\\Foundation\\Application.php(851): Illuminate\\Container\\Container->resolve('encrypter', Array, true)
#7 C:\\Users\\IT ZETKA\\Downloads\\taniraya-erp-laravel\\vendor\\laravel\\framework\\src\\Illuminate\\Container\\Container.php(694): Illuminate\\Foundation\\Application->resolve('encrypter', Array)
#8 C:\\Users\\IT ZETKA\\Downloads\\taniraya-erp-laravel\\vendor\\laravel\\framework\\src\\Illuminate\\Foundation\\Application.php(836): Illuminate\\Container\\Container->make('encrypter', Array)
#9 C:\\Users\\IT ZETKA\\Downloads\\taniraya-erp-laravel\\vendor\\laravel\\framework\\src\\Illuminate\\Container\\Container.php(1027): Illuminate\\Foundation\\Application->make('encrypter')
#10 C:\\Users\\IT ZETKA\\Downloads\\taniraya-erp-laravel\\vendor\\laravel\\framework\\src\\Illuminate\\Container\\Container.php(947): Illuminate\\Container\\Container->resolveClass(Object(ReflectionParameter))
#11 C:\\Users\\IT ZETKA\\Downloads\\taniraya-erp-laravel\\vendor\\laravel\\framework\\src\\Illuminate\\Container\\Container.php(908): Illuminate\\Container\\Container->resolveDependencies(Array)
#12 C:\\Users\\IT ZETKA\\Downloads\\taniraya-erp-laravel\\vendor\\laravel\\framework\\src\\Illuminate\\Container\\Container.php(758): Illuminate\\Container\\Container->build('App\\\\Http\\\\Middle...')
#13 C:\\Users\\IT ZETKA\\Downloads\\taniraya-erp-laravel\\vendor\\laravel\\framework\\src\\Illuminate\\Foundation\\Application.php(851): Illuminate\\Container\\Container->resolve('App\\\\Http\\\\Middle...', Array, true)
#14 C:\\Users\\IT ZETKA\\Downloads\\taniraya-erp-laravel\\vendor\\laravel\\framework\\src\\Illuminate\\Container\\Container.php(694): Illuminate\\Foundation\\Application->resolve('App\\\\Http\\\\Middle...', Array)
#15 C:\\Users\\IT ZETKA\\Downloads\\taniraya-erp-laravel\\vendor\\laravel\\framework\\src\\Illuminate\\Foundation\\Application.php(836): Illuminate\\Container\\Container->make('App\\\\Http\\\\Middle...', Array)
#16 C:\\Users\\IT ZETKA\\Downloads\\taniraya-erp-laravel\\vendor\\laravel\\framework\\src\\Illuminate\\Foundation\\Http\\Kernel.php(206): Illuminate\\Foundation\\Application->make('App\\\\Http\\\\Middle...')
#17 C:\\Users\\IT ZETKA\\Downloads\\taniraya-erp-laravel\\vendor\\laravel\\framework\\src\\Illuminate\\Foundation\\Http\\Kernel.php(180): Illuminate\\Foundation\\Http\\Kernel->terminateMiddleware(Object(Illuminate\\Http\\Request), Object(Illuminate\\Http\\Response))
#18 C:\\Users\\IT ZETKA\\Downloads\\taniraya-erp-laravel\\public\\index.php(55): Illuminate\\Foundation\\Http\\Kernel->terminate(Object(Illuminate\\Http\\Request), Object(Illuminate\\Http\\Response))
#19 C:\\Users\\IT ZETKA\\Downloads\\taniraya-erp-laravel\\server.php(21): require_once('C:\\\\Users\\\\IT ZET...')
#20 {main}
"} 
[2026-09-23 09:08:20] production.ERROR: No application encryption key has been specified. {"exception":"[object] (Illuminate\\Encryption\\MissingAppKeyException(code: 0): No application encryption key has been specified. at C:\\Users\\IT ZETKA\\Downloads\\taniraya-erp-laravel\\vendor\\laravel\\framework\\src\\Illuminate\\Encryption\\EncryptionServiceProvider.php:101)
[stacktrace]
#0 C:\\Users\\IT ZETKA\\Downloads\\taniraya-erp-laravel\\vendor\\laravel\\framework\\src\\Illuminate\\Support\\helpers.php(263): Illuminate\\Encryption\\EncryptionServiceProvider->Illuminate\\Encryption\\{closure}(NULL)
#1 C:\\Users\\IT ZETKA\\Downloads\\taniraya-erp-laravel\\vendor\\laravel\\framework\\src\\Illuminate\\Encryption\\EncryptionServiceProvider.php(103): tap(NULL, Object(Closure))
#2 C:\\Users\\IT ZETKA\\Downloads\\taniraya-erp-laravel\\vendor\\laravel\\framework\\src\\Illuminate\\Encryption\\EncryptionServiceProvider.php(82): Illuminate\\Encryption\\EncryptionServiceProvider->key(Array)
#3 C:\\Users\\IT ZETKA\\Downloads\\taniraya-erp-laravel\\vendor\\laravel\\framework\\src\\Illuminate\\Encryption\\EncryptionServiceProvider.php(34): Illuminate\\Encryption\\EncryptionServiceProvider->parseKey(Array)
#4 C:\\Users\\IT ZETKA\\Downloads\\taniraya-erp-laravel\\vendor\\laravel\\framework\\src\\Illuminate\\Container\\Container.php(873): Illuminate\\Encryption\\EncryptionServiceProvider->Illuminate\\Encryption\\{closure}(Object(Illuminate\\Foundation\\Application), Array)
#5 C:\\Users\\IT ZETKA\\Downloads\\taniraya-erp-laravel\\vendor\\laravel\\framework\\src\\Illuminate\\Container\\Container.php(758): Illuminate\\Container\\Container->build(Object(Closure))
#6 C:\\Users\\IT ZETKA\\Downloads\\taniraya-erp-laravel\\vendor\\laravel\\framework\\src\\Illuminate\\Foundation\\Application.php(851): Illuminate\\Container\\Container->resolve('encrypter', Array, true)
#7 C:\\Users\\IT ZETKA\\Downloads\\taniraya-erp-laravel\\vendor\\laravel\\framework\\src\\Illuminate\\Container\\Container.php(694): Illuminate\\Foundation\\Application->resolve('encrypter', Array)
#8 C:\\Users\\IT ZETKA\\Downloads\\taniraya-erp-laravel\\vendor\\laravel\\framework\\src\\Illuminate\\Foundation\\Application.php(836): Illuminate\\Container\\Container->make('encrypter', Array)
#9 C:\\Users\\IT ZETKA\\Downloads\\taniraya-erp-laravel\\vendor\\laravel\\framework\\src\\Illuminate\\Container\\Container.php(1027): Illuminate\\Foundation\\Application->make('encrypter')
#10 C:\\Users\\IT ZETKA\\Downloads\\taniraya-erp-laravel\\vendor\\laravel\\framework\\src\\Illuminate\\Container\\Container.php(947): Illuminate\\Container\\Container->resolveClass(Object(ReflectionParameter))
#11 C:\\Users\\IT ZETKA\\Downloads\\taniraya-erp-laravel\\vendor\\laravel\\framework\\src\\Illuminate\\Container\\Container.php(908): Illuminate\\Container\\Container->resolveDependencies(Array)
#12 C:\\Users\\IT ZETKA\\Downloads\\taniraya-erp-laravel\\vendor\\laravel\\framework\\src\\Illuminate\\Container\\Container.php(758): Illuminate\\Container\\Container->build('App\\\\Http\\\\Middle...')
#13 C:\\Users\\IT ZETKA\\Downloads\\taniraya-erp-laravel\\vendor\\laravel\\framework\\src\\Illuminate\\Foundation\\Application.php(851): Illuminate\\Container\\Container->resolve('App\\\\Http\\\\Middle...', Array, true)
#14 C:\\Users\\IT ZETKA\\Downloads\\taniraya-erp-laravel\\vendor\\laravel\\framework\\src\\Illuminate\\Container\\Container.php(694): Illuminate\\Foundation\\Application->resolve('App\\\\Http\\\\Middle...', Array)
#15 C:\\Users\\IT ZETKA\\Downloads\\taniraya-erp-laravel\\vendor\\laravel\\framework\\src\\Illuminate\\Foundation\\Application.php(836): Illuminate\\Container\\Container->make('App\\\\Http\\\\Middle...', Array)
#16 C:\\Users\\IT ZETKA\\Downloads\\taniraya-erp-laravel\\vendor\\laravel\\framework\\src\\Illuminate\\Pipeline\\Pipeline.php(156): Illuminate\\Foundation\\Application->make('App\\\\Http\\\\Middle...')
#17 C:\\Users\\IT ZETKA\\Downloads\\taniraya-erp-laravel\\vendor\\laravel\\framework\\src\\Illuminate\\Pipeline\\Pipeline.php(103): Illuminate\\Pipeline\\Pipeline->Illuminate\\Pipeline\\{closure}(Object(Illuminate\\Http\\Request))
#18 C:\\Users\\IT ZETKA\\Downloads\\taniraya-erp-laravel\\vendor\\laravel\\framework\\src\\Illuminate\\Routing\\Router.php(723): Illuminate\\Pipeline\\Pipeline->then(Object(Closure))
#19 C:\\Users\\IT ZETKA\\Downloads\\taniraya-erp-laravel\\vendor\\laravel\\framework\\src\\Illuminate\\Routing\\Router.php(698): Illuminate\\Routing\\Router->runRouteWithinStack(Object(Illuminate\\Routing\\Route), Object(Illuminate\\Http\\Request))
#20 C:\\Users\\IT ZETKA\\Downloads\\taniraya-erp-laravel\\vendor\\laravel\\framework\\src\\Illuminate\\Routing\\Router.php(662): Illuminate\\Routing\\Router->runRoute(Object(Illuminate\\Http\\Request), Object(Illuminate\\Routing\\Route))
#21 C:\\Users\\IT ZETKA\\Downloads\\taniraya-erp-laravel\\vendor\\laravel\\framework\\src\\Illuminate\\Routing\\Router.php(651): Illuminate\\Routing\\Router->dispatchToRoute(Object(Illuminate\\Http\\Request))
#22 C:\\Users\\IT ZETKA\\Downloads\\taniraya-erp-laravel\\vendor\\laravel\\framework\\src\\Illuminate\\Foundation\\Http\\Kernel.php(167): Illuminate\\Routing\\Router->dispatch(Object(Illuminate\\Http\\Request))
#23 C:\\Users\\IT ZETKA\\Downloads\\taniraya-erp-laravel\\vendor\\laravel\\framework\\src\\Illuminate\\Pipeline\\Pipeline.php(128): Illuminate\\Foundation\\Http\\Kernel->Illuminate\\Foundation\\Http\\{closure}(Object(Illuminate\\Http\\Request))
#24 C:\\Users\\IT ZETKA\\Downloads\\taniraya-erp-laravel\\vendor\\laravel\\framework\\src\\Illuminate\\Foundation\\Http\\Middleware\\TransformsRequest.php(21): Illuminate\\Pipeline\\Pipeline->Illuminate\\Pipeline\\{closure}(Object(Illuminate\\Http\\Request))
#25 C:\\Users\\IT ZETKA\\Downloads\\taniraya-erp-laravel\\vendor\\laravel\\framework\\src\\Illuminate\\Foundation\\Http\\Middleware\\ConvertEmptyStringsToNull.php(31): Illuminate\\Foundation\\Http\\Middleware\\TransformsRequest->handle(Object(Illuminate\\Http\\Request), Object(Closure))
#26 C:\\Users\\IT ZETKA\\Downloads\\taniraya-erp-laravel\\vendor\\laravel\\framework\\src\\Illuminate\\Pipeline\\Pipeline.php(167): Illuminate\\Foundation\\Http\\Middleware\\ConvertEmptyStringsToNull->handle(Object(Illuminate\\Http\\Request), Object(Closure))
#27 C:\\Users\\IT ZETKA\\Downloads\\taniraya-erp-laravel\\vendor\\laravel\\framework\\src\\Illuminate\\Foundation\\Http\\Middleware\\TransformsRequest.php(21): Illuminate\\Pipeline\\Pipeline->Illuminate\\Pipeline\\{closure}(Object(Illuminate\\Http\\Request))
#28 C:\\Users\\IT ZETKA\\Downloads\\taniraya-erp-laravel\\vendor\\laravel\\framework\\src\\Illuminate\\Foundation\\Http\\Middleware\\TrimStrings.php(40): Illuminate\\Foundation\\Http\\Middleware\\TransformsRequest->handle(Object(Illuminate\\Http\\Request), Object(Closure))
#29 C:\\Users\\IT ZETKA\\Downloads\\taniraya-erp-laravel\\vendor\\laravel\\framework\\src\\Illuminate\\Pipeline\\Pipeline.php(167): Illuminate\\Foundation\\Http\\Middleware\\TrimStrings->handle(Object(Illuminate\\Http\\Request), Object(Closure))
#30 C:\\Users\\IT ZETKA\\Downloads\\taniraya-erp-laravel\\vendor\\laravel\\framework\\src\\Illuminate\\Foundation\\Http\\Middleware\\ValidatePostSize.php(27): Illuminate\\Pipeline\\Pipeline->Illuminate\\Pipeline\\{closure}(Object(Illuminate\\Http\\Request))
#31 C:\\Users\\IT ZETKA\\Downloads\\taniraya-erp-laravel\\vendor\\laravel\\framework\\src\\Illuminate\\Pipeline\\Pipeline.php(167): Illuminate\\Foundation\\Http\\Middleware\\ValidatePostSize->handle(Object(Illuminate\\Http\\Request), Object(Closure))
#32 C:\\Users\\IT ZETKA\\Downloads\\taniraya-erp-laravel\\vendor\\laravel\\framework\\src\\Illuminate\\Foundation\\Http\\Middleware\\PreventRequestsDuringMaintenance.php(86): Illuminate\\Pipeline\\Pipeline->Illuminate\\Pipeline\\{closure}(Object(Illuminate\\Http\\Request))
#33 C:\\Users\\IT ZETKA\\Downloads\\taniraya-erp-laravel\\vendor\\laravel\\framework\\src\\Illuminate\\Pipeline\\Pipeline.php(167): Illuminate\\Foundation\\Http\\Middleware\\PreventRequestsDuringMaintenance->handle(Object(Illuminate\\Http\\Request), Object(Closure))
#34 C:\\Users\\IT ZETKA\\Downloads\\taniraya-erp-laravel\\vendor\\fruitcake\\laravel-cors\\src\\HandleCors.php(38): Illuminate\\Pipeline\\Pipeline->Illuminate\\Pipeline\\{closure}(Object(Illuminate\\Http\\Request))
#35 C:\\Users\\IT ZETKA\\Downloads\\taniraya-erp-laravel\\vendor\\laravel\\framework\\src\\Illuminate\\Pipeline\\Pipeline.php(167): Fruitcake\\Cors\\HandleCors->handle(Object(Illuminate\\Http\\Request), Object(Closure))
#36 C:\\Users\\IT ZETKA\\Downloads\\taniraya-erp-laravel\\vendor\\laravel\\framework\\src\\Illuminate\\Http\\Middleware\\TrustProxies.php(39): Illuminate\\Pipeline\\Pipeline->Illuminate\\Pipeline\\{closure}(Object(Illuminate\\Http\\Request))
#37 C:\\Users\\IT ZETKA\\Downloads\\taniraya-erp-laravel\\vendor\\laravel\\framework\\src\\Illuminate\\Pipeline\\Pipeline.php(167): Illuminate\\Http\\Middleware\\TrustProxies->handle(Object(Illuminate\\Http\\Request), Object(Closure))
#38 C:\\Users\\IT ZETKA\\Downloads\\taniraya-erp-laravel\\vendor\\laravel\\framework\\src\\Illuminate\\Pipeline\\Pipeline.php(103): Illuminate\\Pipeline\\Pipeline->Illuminate\\Pipeline\\{closure}(Object(Illuminate\\Http\\Request))
#39 C:\\Users\\IT ZETKA\\Downloads\\taniraya-erp-laravel\\vendor\\laravel\\framework\\src\\Illuminate\\Foundation\\Http\\Kernel.php(142): Illuminate\\Pipeline\\Pipeline->then(Object(Closure))
#40 C:\\Users\\IT ZETKA\\Downloads\\taniraya-erp-laravel\\vendor\\laravel\\framework\\src\\Illuminate\\Foundation\\Http\\Kernel.php(111): Illuminate\\Foundation\\Http\\Kernel->sendRequestThroughRouter(Object(Illuminate\\Http\\Request))
#41 C:\\Users\\IT ZETKA\\Downloads\\taniraya-erp-laravel\\public\\index.php(52): Illuminate\\Foundation\\Http\\Kernel->handle(Object(Illuminate\\Http\\Request))
#42 C:\\Users\\IT ZETKA\\Downloads\\taniraya-erp-laravel\\server.php(21): require_once('C:\\\\Users\\\\IT ZET...')
#43 {main}
"} 
[2026-09-23 09:08:20] production.ERROR: No application encryption key has been specified. {"exception":"[object] (Illuminate\\Encryption\\MissingAppKeyException(code: 0): No application encryption key has been specified. at C:\\Users\\IT ZETKA\\Downloads\\taniraya-erp-laravel\\vendor\\laravel\\framework\\src\\Illuminate\\Encryption\\EncryptionServiceProvider.php:101)
[stacktrace]
#0 C:\\Users\\IT ZETKA\\Downloads\\taniraya-erp-laravel\\vendor\\laravel\\framework\\src\\Illuminate\\Support\\helpers.php(263): Illuminate\\Encryption\\EncryptionServiceProvider->Illuminate\\Encryption\\{closure}(NULL)
#1 C:\\Users\\IT ZETKA\\Downloads\\taniraya-erp-laravel\\vendor\\laravel\\framework\\src\\Illuminate\\Encryption\\EncryptionServiceProvider.php(103): tap(NULL, Object(Closure))
#2 C:\\Users\\IT ZETKA\\Downloads\\taniraya-erp-laravel\\vendor\\laravel\\framework\\src\\Illuminate\\Encryption\\EncryptionServiceProvider.php(82): Illuminate\\Encryption\\EncryptionServiceProvider->key(Array)
#3 C:\\Users\\IT ZETKA\\Downloads\\taniraya-erp-laravel\\vendor\\laravel\\framework\\src\\Illuminate\\Encryption\\EncryptionServiceProvider.php(34): Illuminate\\Encryption\\EncryptionServiceProvider->parseKey(Array)
#4 C:\\Users\\IT ZETKA\\Downloads\\taniraya-erp-laravel\\vendor\\laravel\\framework\\src\\Illuminate\\Container\\Container.php(873): Illuminate\\Encryption\\EncryptionServiceProvider->Illuminate\\Encryption\\{closure}(Object(Illuminate\\Foundation\\Application), Array)
#5 C:\\Users\\IT ZETKA\\Downloads\\taniraya-erp-laravel\\vendor\\laravel\\framework\\src\\Illuminate\\Container\\Container.php(758): Illuminate\\Container\\Container->build(Object(Closure))
#6 C:\\Users\\IT ZETKA\\Downloads\\taniraya-erp-laravel\\vendor\\laravel\\framework\\src\\Illuminate\\Foundation\\Application.php(851): Illuminate\\Container\\Container->resolve('encrypter', Array, true)
#7 C:\\Users\\IT ZETKA\\Downloads\\taniraya-erp-laravel\\vendor\\laravel\\framework\\src\\Illuminate\\Container\\Container.php(694): Illuminate\\Foundation\\Application->resolve('encrypter', Array)
#8 C:\\Users\\IT ZETKA\\Downloads\\taniraya-erp-laravel\\vendor\\laravel\\framework\\src\\Illuminate\\Foundation\\Application.php(836): Illuminate\\Container\\Container->make('encrypter', Array)
#9 C:\\Users\\IT ZETKA\\Downloads\\taniraya-erp-laravel\\vendor\\laravel\\framework\\src\\Illuminate\\Container\\Container.php(1027): Illuminate\\Foundation\\Application->make('encrypter')
#10 C:\\Users\\IT ZETKA\\Downloads\\taniraya-erp-laravel\\vendor\\laravel\\framework\\src\\Illuminate\\Container\\Container.php(947): Illuminate\\Container\\Container->resolveClass(Object(ReflectionParameter))
#11 C:\\Users\\IT ZETKA\\Downloads\\taniraya-erp-laravel\\vendor\\laravel\\framework\\src\\Illuminate\\Container\\Container.php(908): Illuminate\\Container\\Container->resolveDependencies(Array)
#12 C:\\Users\\IT ZETKA\\Downloads\\taniraya-erp-laravel\\vendor\\laravel\\framework\\src\\Illuminate\\Container\\Container.php(758): Illuminate\\Container\\Container->build('App\\\\Http\\\\Middle...')
#13 C:\\Users\\IT ZETKA\\Downloads\\taniraya-erp-laravel\\vendor\\laravel\\framework\\src\\Illuminate\\Foundation\\Application.php(851): Illuminate\\Container\\Container->resolve('App\\\\Http\\\\Middle...', Array, true)
#14 C:\\Users\\IT ZETKA\\Downloads\\taniraya-erp-laravel\\vendor\\laravel\\framework\\src\\Illuminate\\Container\\Container.php(694): Illuminate\\Foundation\\Application->resolve('App\\\\Http\\\\Middle...', Array)
#15 C:\\Users\\IT ZETKA\\Downloads\\taniraya-erp-laravel\\vendor\\laravel\\framework\\src\\Illuminate\\Foundation\\Application.php(836): Illuminate\\Container\\Container->make('App\\\\Http\\\\Middle...', Array)
#16 C:\\Users\\IT ZETKA\\Downloads\\taniraya-erp-laravel\\vendor\\laravel\\framework\\src\\Illuminate\\Foundation\\Http\\Kernel.php(206): Illuminate\\Foundation\\Application->make('App\\\\Http\\\\Middle...')
#17 C:\\Users\\IT ZETKA\\Downloads\\taniraya-erp-laravel\\vendor\\laravel\\framework\\src\\Illuminate\\Foundation\\Http\\Kernel.php(180): Illuminate\\Foundation\\Http\\Kernel->terminateMiddleware(Object(Illuminate\\Http\\Request), Object(Illuminate\\Http\\Response))
#18 C:\\Users\\IT ZETKA\\Downloads\\taniraya-erp-laravel\\public\\index.php(55): Illuminate\\Foundation\\Http\\Kernel->terminate(Object(Illuminate\\Http\\Request), Object(Illuminate\\Http\\Response))
#19 C:\\Users\\IT ZETKA\\Downloads\\taniraya-erp-laravel\\server.php(21): require_once('C:\\\\Users\\\\IT ZET...')
#20 {main}
"} 
[2026-09-23 09:10:03] production.ERROR: file_get_contents(C:\Users\IT ZETKA\Downloads\taniraya-erp-laravel\.env): failed to open stream: No such file or directory {"exception":"[object] (ErrorException(code: 0): file_get_contents(C:\\Users\\IT ZETKA\\Downloads\\taniraya-erp-laravel\\.env): failed to open stream: No such file or directory at C:\\Users\\IT ZETKA\\Downloads\\taniraya-erp-laravel\\vendor\\laravel\\framework\\src\\Illuminate\\Foundation\\Console\\KeyGenerateCommand.php:96)
[stacktrace]
#0 [internal function]: Illuminate\\Foundation\\Bootstrap\\HandleExceptions->handleError(2, 'file_get_conten...', 'C:\\\\Users\\\\IT ZET...', 96, Array)
#1 C:\\Users\\IT ZETKA\\Downloads\\taniraya-erp-laravel\\vendor\\laravel\\framework\\src\\Illuminate\\Foundation\\Console\\KeyGenerateCommand.php(96): file_get_contents('C:\\\\Users\\\\IT ZET...')
#2 C:\\Users\\IT ZETKA\\Downloads\\taniraya-erp-laravel\\vendor\\laravel\\framework\\src\\Illuminate\\Foundation\\Console\\KeyGenerateCommand.php(80): Illuminate\\Foundation\\Console\\KeyGenerateCommand->writeNewEnvironmentFileWith('base64:Xdc+Ko94...')
#3 C:\\Users\\IT ZETKA\\Downloads\\taniraya-erp-laravel\\vendor\\laravel\\framework\\src\\Illuminate\\Foundation\\Console\\KeyGenerateCommand.php(45): Illuminate\\Foundation\\Console\\KeyGenerateCommand->setKeyInEnvironmentFile('base64:Xdc+Ko94...')
#4 C:\\Users\\IT ZETKA\\Downloads\\taniraya-erp-laravel\\vendor\\laravel\\framework\\src\\Illuminate\\Container\\BoundMethod.php(36): Illuminate\\Foundation\\Console\\KeyGenerateCommand->handle()
#5 C:\\Users\\IT ZETKA\\Downloads\\taniraya-erp-laravel\\vendor\\laravel\\framework\\src\\Illuminate\\Container\\Util.php(40): Illuminate\\Container\\BoundMethod::Illuminate\\Container\\{closure}()
#6 C:\\Users\\IT ZETKA\\Downloads\\taniraya-erp-laravel\\vendor\\laravel\\framework\\src\\Illuminate\\Container\\BoundMethod.php(93): Illuminate\\Container\\Util::unwrapIfClosure(Object(Closure))
#7 C:\\Users\\IT ZETKA\\Downloads\\taniraya-erp-laravel\\vendor\\laravel\\framework\\src\\Illuminate\\Container\\BoundMethod.php(37): Illuminate\\Container\\BoundMethod::callBoundMethod(Object(Illuminate\\Foundation\\Application), Array, Object(Closure))
#8 C:\\Users\\IT ZETKA\\Downloads\\taniraya-erp-laravel\\vendor\\laravel\\framework\\src\\Illuminate\\Container\\Container.php(653): Illuminate\\Container\\BoundMethod::call(Object(Illuminate\\Foundation\\Application), Array, Array, NULL)
#9 C:\\Users\\IT ZETKA\\Downloads\\taniraya-erp-laravel\\vendor\\laravel\\framework\\src\\Illuminate\\Console\\Command.php(136): Illuminate\\Container\\Container->call(Array)
#10 C:\\Users\\IT ZETKA\\Downloads\\taniraya-erp-laravel\\vendor\\symfony\\console\\Command\\Command.php(298): Illuminate\\Console\\Command->execute(Object(Symfony\\Component\\Console\\Input\\ArgvInput), Object(Illuminate\\Console\\OutputStyle))
#11 C:\\Users\\IT ZETKA\\Downloads\\taniraya-erp-laravel\\vendor\\laravel\\framework\\src\\Illuminate\\Console\\Command.php(121): Symfony\\Component\\Console\\Command\\Command->run(Object(Symfony\\Component\\Console\\Input\\ArgvInput), Object(Illuminate\\Console\\OutputStyle))
#12 C:\\Users\\IT ZETKA\\Downloads\\taniraya-erp-laravel\\vendor\\symfony\\console\\Application.php(1040): Illuminate\\Console\\Command->run(Object(Symfony\\Component\\Console\\Input\\ArgvInput), Object(Symfony\\Component\\Console\\Output\\ConsoleOutput))
#13 C:\\Users\\IT ZETKA\\Downloads\\taniraya-erp-laravel\\vendor\\symfony\\console\\Application.php(301): Symfony\\Component\\Console\\Application->doRunCommand(Object(Illuminate\\Foundation\\Console\\KeyGenerateCommand), Object(Symfony\\Component\\Console\\Input\\ArgvInput), Object(Symfony\\Component\\Console\\Output\\ConsoleOutput))
#14 C:\\Users\\IT ZETKA\\Downloads\\taniraya-erp-laravel\\vendor\\symfony\\console\\Application.php(171): Symfony\\Component\\Console\\Application->doRun(Object(Symfony\\Component\\Console\\Input\\ArgvInput), Object(Symfony\\Component\\Console\\Output\\ConsoleOutput))
#15 C:\\Users\\IT ZETKA\\Downloads\\taniraya-erp-laravel\\vendor\\laravel\\framework\\src\\Illuminate\\Console\\Application.php(94): Symfony\\Component\\Console\\Application->run(Object(Symfony\\Component\\Console\\Input\\ArgvInput), Object(Symfony\\Component\\Console\\Output\\ConsoleOutput))
#16 C:\\Users\\IT ZETKA\\Downloads\\taniraya-erp-laravel\\vendor\\laravel\\framework\\src\\Illuminate\\Foundation\\Console\\Kernel.php(129): Illuminate\\Console\\Application->run(Object(Symfony\\Component\\Console\\Input\\ArgvInput), Object(Symfony\\Component\\Console\\Output\\ConsoleOutput))
#17 C:\\Users\\IT ZETKA\\Downloads\\taniraya-erp-laravel\\artisan(37): Illuminate\\Foundation\\Console\\Kernel->handle(Object(Symfony\\Component\\Console\\Input\\ArgvInput), Object(Symfony\\Component\\Console\\Output\\ConsoleOutput))
#18 {main}
"} 
[2026-09-30 10:33:48] production.ERROR: Class "Facade\Ignition\IgnitionServiceProvider" not found {"exception":"[object] (Error(code: 0): Class \"Facade\\Ignition\\IgnitionServiceProvider\" not found at /home/vol15_6/infinityfree.com/if0_42998193/htdocs/vendor/laravel/framework/src/Illuminate/Foundation/Application.php:745)
[stacktrace]
#0 /home/vol15_6/infinityfree.com/if0_42998193/htdocs/vendor/laravel/framework/src/Illuminate/Foundation/Application.php(679): Illuminate\\Foundation\\Application->resolveProvider('Facade\\\\Ignition...')
#1 /home/vol15_6/infinityfree.com/if0_42998193/htdocs/vendor/laravel/framework/src/Illuminate/Foundation/ProviderRepository.php(75): Illuminate\\Foundation\\Application->register('Facade\\\\Ignition...')
#2 /home/vol15_6/infinityfree.com/if0_42998193/htdocs/vendor/laravel/framework/src/Illuminate/Foundation/Application.php(659): Illuminate\\Foundation\\ProviderRepository->load(Array)
#3 /home/vol15_6/infinityfree.com/if0_42998193/htdocs/vendor/laravel/framework/src/Illuminate/Foundation/Bootstrap/RegisterProviders.php(17): Illuminate\\Foundation\\Application->registerConfiguredProviders()
#4 /home/vol15_6/infinityfree.com/if0_42998193/htdocs/vendor/laravel/framework/src/Illuminate/Foundation/Application.php(237): Illuminate\\Foundation\\Bootstrap\\RegisterProviders->bootstrap(Object(Illuminate\\Foundation\\Application))
#5 /home/vol15_6/infinityfree.com/if0_42998193/htdocs/vendor/laravel/framework/src/Illuminate/Foundation/Http/Kernel.php(153): Illuminate\\Foundation\\Application->bootstrapWith(Array)
#6 /home/vol15_6/infinityfree.com/if0_42998193/htdocs/vendor/laravel/framework/src/Illuminate/Foundation/Http/Kernel.php(137): Illuminate\\Foundation\\Http\\Kernel->bootstrap()
#7 /home/vol15_6/infinityfree.com/if0_42998193/htdocs/vendor/laravel/framework/src/Illuminate/Foundation/Http/Kernel.php(111): Illuminate\\Foundation\\Http\\Kernel->sendRequestThroughRouter(Object(Illuminate\\Http\\Request))
#8 /home/vol15_6/infinityfree.com/if0_42998193/htdocs/index.php(21): Illuminate\\Foundation\\Http\\Kernel->handle(Object(Illuminate\\Http\\Request))
#9 {main}
"} 
[2026-09-30 10:33:50] production.ERROR: Class "Facade\Ignition\IgnitionServiceProvider" not found {"exception":"[object] (Error(code: 0): Class \"Facade\\Ignition\\IgnitionServiceProvider\" not found at /home/vol15_6/infinityfree.com/if0_42998193/htdocs/vendor/laravel/framework/src/Illuminate/Foundation/Application.php:745)
[stacktrace]
#0 /home/vol15_6/infinityfree.com/if0_42998193/htdocs/vendor/laravel/framework/src/Illuminate/Foundation/Application.php(679): Illuminate\\Foundation\\Application->resolveProvider('Facade\\\\Ignition...')
#1 /home/vol15_6/infinityfree.com/if0_42998193/htdocs/vendor/laravel/framework/src/Illuminate/Foundation/ProviderRepository.php(75): Illuminate\\Foundation\\Application->register('Facade\\\\Ignition...')
#2 /home/vol15_6/infinityfree.com/if0_42998193/htdocs/vendor/laravel/framework/src/Illuminate/Foundation/Application.php(659): Illuminate\\Foundation\\ProviderRepository->load(Array)
#3 /home/vol15_6/infinityfree.com/if0_42998193/htdocs/vendor/laravel/framework/src/Illuminate/Foundation/Bootstrap/RegisterProviders.php(17): Illuminate\\Foundation\\Application->registerConfiguredProviders()
#4 /home/vol15_6/infinityfree.com/if0_42998193/htdocs/vendor/laravel/framework/src/Illuminate/Foundation/Application.php(237): Illuminate\\Foundation\\Bootstrap\\RegisterProviders->bootstrap(Object(Illuminate\\Foundation\\Application))
#5 /home/vol15_6/infinityfree.com/if0_42998193/htdocs/vendor/laravel/framework/src/Illuminate/Foundation/Http/Kernel.php(153): Illuminate\\Foundation\\Application->bootstrapWith(Array)
#6 /home/vol15_6/infinityfree.com/if0_42998193/htdocs/vendor/laravel/framework/src/Illuminate/Foundation/Http/Kernel.php(137): Illuminate\\Foundation\\Http\\Kernel->bootstrap()
#7 /home/vol15_6/infinityfree.com/if0_42998193/htdocs/vendor/laravel/framework/src/Illuminate/Foundation/Http/Kernel.php(111): Illuminate\\Foundation\\Http\\Kernel->sendRequestThroughRouter(Object(Illuminate\\Http\\Request))
#8 /home/vol15_6/infinityfree.com/if0_42998193/htdocs/index.php(21): Illuminate\\Foundation\\Http\\Kernel->handle(Object(Illuminate\\Http\\Request))
#9 {main}
"} 
[2026-09-30 10:34:12] production.ERROR: Class "Facade\Ignition\IgnitionServiceProvider" not found {"exception":"[object] (Error(code: 0): Class \"Facade\\Ignition\\IgnitionServiceProvider\" not found at /home/vol15_6/infinityfree.com/if0_42998193/htdocs/vendor/laravel/framework/src/Illuminate/Foundation/Application.php:745)
[stacktrace]
#0 /home/vol15_6/infinityfree.com/if0_42998193/htdocs/vendor/laravel/framework/src/Illuminate/Foundation/Application.php(679): Illuminate\\Foundation\\Application->resolveProvider('Facade\\\\Ignition...')
#1 /home/vol15_6/infinityfree.com/if0_42998193/htdocs/vendor/laravel/framework/src/Illuminate/Foundation/ProviderRepository.php(75): Illuminate\\Foundation\\Application->register('Facade\\\\Ignition...')
#2 /home/vol15_6/infinityfree.com/if0_42998193/htdocs/vendor/laravel/framework/src/Illuminate/Foundation/Application.php(659): Illuminate\\Foundation\\ProviderRepository->load(Array)
#3 /home/vol15_6/infinityfree.com/if0_42998193/htdocs/vendor/laravel/framework/src/Illuminate/Foundation/Bootstrap/RegisterProviders.php(17): Illuminate\\Foundation\\Application->registerConfiguredProviders()
#4 /home/vol15_6/infinityfree.com/if0_42998193/htdocs/vendor/laravel/framework/src/Illuminate/Foundation/Application.php(237): Illuminate\\Foundation\\Bootstrap\\RegisterProviders->bootstrap(Object(Illuminate\\Foundation\\Application))
#5 /home/vol15_6/infinityfree.com/if0_42998193/htdocs/vendor/laravel/framework/src/Illuminate/Foundation/Http/Kernel.php(153): Illuminate\\Foundation\\Application->bootstrapWith(Array)
#6 /home/vol15_6/infinityfree.com/if0_42998193/htdocs/vendor/laravel/framework/src/Illuminate/Foundation/Http/Kernel.php(137): Illuminate\\Foundation\\Http\\Kernel->bootstrap()
#7 /home/vol15_6/infinityfree.com/if0_42998193/htdocs/vendor/laravel/framework/src/Illuminate/Foundation/Http/Kernel.php(111): Illuminate\\Foundation\\Http\\Kernel->sendRequestThroughRouter(Object(Illuminate\\Http\\Request))
#8 /home/vol15_6/infinityfree.com/if0_42998193/htdocs/index.php(21): Illuminate\\Foundation\\Http\\Kernel->handle(Object(Illuminate\\Http\\Request))
#9 {main}
"} 
[2026-09-30 10:34:14] production.ERROR: Class "Facade\Ignition\IgnitionServiceProvider" not found {"exception":"[object] (Error(code: 0): Class \"Facade\\Ignition\\IgnitionServiceProvider\" not found at /home/vol15_6/infinityfree.com/if0_42998193/htdocs/vendor/laravel/framework/src/Illuminate/Foundation/Application.php:745)
[stacktrace]
#0 /home/vol15_6/infinityfree.com/if0_42998193/htdocs/vendor/laravel/framework/src/Illuminate/Foundation/Application.php(679): Illuminate\\Foundation\\Application->resolveProvider('Facade\\\\Ignition...')
#1 /home/vol15_6/infinityfree.com/if0_42998193/htdocs/vendor/laravel/framework/src/Illuminate/Foundation/ProviderRepository.php(75): Illuminate\\Foundation\\Application->register('Facade\\\\Ignition...')
#2 /home/vol15_6/infinityfree.com/if0_42998193/htdocs/vendor/laravel/framework/src/Illuminate/Foundation/Application.php(659): Illuminate\\Foundation\\ProviderRepository->load(Array)
#3 /home/vol15_6/infinityfree.com/if0_42998193/htdocs/vendor/laravel/framework/src/Illuminate/Foundation/Bootstrap/RegisterProviders.php(17): Illuminate\\Foundation\\Application->registerConfiguredProviders()
#4 /home/vol15_6/infinityfree.com/if0_42998193/htdocs/vendor/laravel/framework/src/Illuminate/Foundation/Application.php(237): Illuminate\\Foundation\\Bootstrap\\RegisterProviders->bootstrap(Object(Illuminate\\Foundation\\Application))
#5 /home/vol15_6/infinityfree.com/if0_42998193/htdocs/vendor/laravel/framework/src/Illuminate/Foundation/Http/Kernel.php(153): Illuminate\\Foundation\\Application->bootstrapWith(Array)
#6 /home/vol15_6/infinityfree.com/if0_42998193/htdocs/vendor/laravel/framework/src/Illuminate/Foundation/Http/Kernel.php(137): Illuminate\\Foundation\\Http\\Kernel->bootstrap()
#7 /home/vol15_6/infinityfree.com/if0_42998193/htdocs/vendor/laravel/framework/src/Illuminate/Foundation/Http/Kernel.php(111): Illuminate\\Foundation\\Http\\Kernel->sendRequestThroughRouter(Object(Illuminate\\Http\\Request))
#8 /home/vol15_6/infinityfree.com/if0_42998193/htdocs/index.php(21): Illuminate\\Foundation\\Http\\Kernel->handle(Object(Illuminate\\Http\\Request))
#9 {main}
"} 
[2026-09-30 11:02:03] production.ERROR: SQLSTATE[HY000] [1044] Access denied for user 'if0_42998193'@'192.168.%' to database 'if0_42998193_XXX' (SQL: select * from `users` where `email` = dedi.k@taniraya.co.id limit 1) {"exception":"[object] (Illuminate\\Database\\QueryException(code: 1044): SQLSTATE[HY000] [1044] Access denied for user 'if0_42998193'@'192.168.%' to database 'if0_42998193_XXX' (SQL: select * from `users` where `email` = dedi.k@taniraya.co.id limit 1) at /home/vol15_6/infinityfree.com/if0_42998193/htdocs/vendor/laravel/framework/src/Illuminate/Database/Connection.php:712)
[stacktrace]
#0 /home/vol15_6/infinityfree.com/if0_42998193/htdocs/vendor/laravel/framework/src/Illuminate/Database/Connection.php(672): Illuminate\\Database\\Connection->runQueryCallback('select * from `...', Array, Object(Closure))
#1 /home/vol15_6/infinityfree.com/if0_42998193/htdocs/vendor/laravel/framework/src/Illuminate/Database/Connection.php(359): Illuminate\\Database\\Connection->run('select * from `...', Array, Object(Closure))
#2 /home/vol15_6/infinityfree.com/if0_42998193/htdocs/vendor/laravel/framework/src/Illuminate/Database/Query/Builder.php(2413): Illuminate\\Database\\Connection->select('select * from `...', Array, true)
#3 /home/vol15_6/infinityfree.com/if0_42998193/htdocs/vendor/laravel/framework/src/Illuminate/Database/Query/Builder.php(2402): Illuminate\\Database\\Query\\Builder->runSelect()
#4 /home/vol15_6/infinityfree.com/if0_42998193/htdocs/vendor/laravel/framework/src/Illuminate/Database/Query/Builder.php(2936): Illuminate\\Database\\Query\\Builder->{closure:Illuminate\\Database\\Query\\Builder::get():2401}()
#5 /home/vol15_6/infinityfree.com/if0_42998193/htdocs/vendor/laravel/framework/src/Illuminate/Database/Query/Builder.php(2401): Illuminate\\Database\\Query\\Builder->onceWithColumns(Array, Object(Closure))
#6 /home/vol15_6/infinityfree.com/if0_42998193/htdocs/vendor/laravel/framework/src/Illuminate/Database/Eloquent/Builder.php(625): Illuminate\\Database\\Query\\Builder->get(Array)
#7 /home/vol15_6/infinityfree.com/if0_42998193/htdocs/vendor/laravel/framework/src/Illuminate/Database/Eloquent/Builder.php(609): Illuminate\\Database\\Eloquent\\Builder->getModels(Array)
#8 /home/vol15_6/infinityfree.com/if0_42998193/htdocs/vendor/laravel/framework/src/Illuminate/Database/Concerns/BuildsQueries.php(294): Illuminate\\Database\\Eloquent\\Builder->get(Array)
#9 /home/vol15_6/infinityfree.com/if0_42998193/htdocs/vendor/laravel/framework/src/Illuminate/Auth/EloquentUserProvider.php(134): Illuminate\\Database\\Eloquent\\Builder->first()
#10 /home/vol15_6/infinityfree.com/if0_42998193/htdocs/vendor/laravel/framework/src/Illuminate/Auth/SessionGuard.php(377): Illuminate\\Auth\\EloquentUserProvider->retrieveByCredentials(Array)
#11 /home/vol15_6/infinityfree.com/if0_42998193/htdocs/vendor/laravel/framework/src/Illuminate/Auth/AuthManager.php(340): Illuminate\\Auth\\SessionGuard->attempt(Array, false)
#12 /home/vol15_6/infinityfree.com/if0_42998193/htdocs/vendor/laravel/framework/src/Illuminate/Support/Facades/Facade.php(261): Illuminate\\Auth\\AuthManager->__call('attempt', Array)
#13 /home/vol15_6/infinityfree.com/if0_42998193/htdocs/app/Http/Controllers/AuthController.php(26): Illuminate\\Support\\Facades\\Facade::__callStatic('attempt', Array)
#14 /home/vol15_6/infinityfree.com/if0_42998193/htdocs/vendor/laravel/framework/src/Illuminate/Routing/Controller.php(54): App\\Http\\Controllers\\AuthController->login(Object(Illuminate\\Http\\Request))
#15 /home/vol15_6/infinityfree.com/if0_42998193/htdocs/vendor/laravel/framework/src/Illuminate/Routing/ControllerDispatcher.php(45): Illuminate\\Routing\\Controller->callAction('login', Array)
#16 /home/vol15_6/infinityfree.com/if0_42998193/htdocs/vendor/laravel/framework/src/Illuminate/Routing/Route.php(261): Illuminate\\Routing\\ControllerDispatcher->dispatch(Object(Illuminate\\Routing\\Route), Object(App\\Http\\Controllers\\AuthController), 'login')
#17 /home/vol15_6/infinityfree.com/if0_42998193/htdocs/vendor/laravel/framework/src/Illuminate/Routing/Route.php(205): Illuminate\\Routing\\Route->runController()
#18 /home/vol15_6/infinityfree.com/if0_42998193/htdocs/vendor/laravel/framework/src/Illuminate/Routing/Router.php(721): Illuminate\\Routing\\Route->run()
#19 /home/vol15_6/infinityfree.com/if0_42998193/htdocs/vendor/laravel/framework/src/Illuminate/Pipeline/Pipeline.php(128): Illuminate\\Routing\\Router->{closure:Illuminate\\Routing\\Router::runRouteWithinStack():719}(Object(Illuminate\\Http\\Request))
#20 /home/vol15_6/infinityfree.com/if0_42998193/htdocs/app/Http/Middleware/RedirectIfAuthenticated.php(30): Illuminate\\Pipeline\\Pipeline->{closure:Illuminate\\Pipeline\\Pipeline::prepareDestination():126}(Object(Illuminate\\Http\\Request))
#21 /home/vol15_6/infinityfree.com/if0_42998193/htdocs/vendor/laravel/framework/src/Illuminate/Pipeline/Pipeline.php(167): App\\Http\\Middleware\\RedirectIfAuthenticated->handle(Object(Illuminate\\Http\\Request), Object(Closure))
#22 /home/vol15_6/infinityfree.com/if0_42998193/htdocs/vendor/laravel/framework/src/Illuminate/Routing/Middleware/SubstituteBindings.php(50): Illuminate\\Pipeline\\Pipeline->{closure:{closure:Illuminate\\Pipeline\\Pipeline::carry():142}:143}(Object(Illuminate\\Http\\Request))
#23 /home/vol15_6/infinityfree.com/if0_42998193/htdocs/vendor/laravel/framework/src/Illuminate/Pipeline/Pipeline.php(167): Illuminate\\Routing\\Middleware\\SubstituteBindings->handle(Object(Illuminate\\Http\\Request), Object(Closure))
#24 /home/vol15_6/infinityfree.com/if0_42998193/htdocs/vendor/laravel/framework/src/Illuminate/Foundation/Http/Middleware/VerifyCsrfToken.php(78): Illuminate\\Pipeline\\Pipeline->{closure:{closure:Illuminate\\Pipeline\\Pipeline::carry():142}:143}(Object(Illuminate\\Http\\Request))
#25 /home/vol15_6/infinityfree.com/if0_42998193/htdocs/vendor/laravel/framework/src/Illuminate/Pipeline/Pipeline.php(167): Illuminate\\Foundation\\Http\\Middleware\\VerifyCsrfToken->handle(Object(Illuminate\\Http\\Request), Object(Closure))
#26 /home/vol15_6/infinityfree.com/if0_42998193/htdocs/vendor/laravel/framework/src/Illuminate/View/Middleware/ShareErrorsFromSession.php(49): Illuminate\\Pipeline\\Pipeline->{closure:{closure:Illuminate\\Pipeline\\Pipeline::carry():142}:143}(Object(Illuminate\\Http\\Request))
#27 /home/vol15_6/infinityfree.com/if0_42998193/htdocs/vendor/laravel/framework/src/Illuminate/Pipeline/Pipeline.php(167): Illuminate\\View\\Middleware\\ShareErrorsFromSession->handle(Object(Illuminate\\Http\\Request), Object(Closure))
#28 /home/vol15_6/infinityfree.com/if0_42998193/htdocs/vendor/laravel/framework/src/Illuminate/Session/Middleware/StartSession.php(121): Illuminate\\Pipeline\\Pipeline->{closure:{closure:Illuminate\\Pipeline\\Pipeline::carry():142}:143}(Object(Illuminate\\Http\\Request))
#29 /home/vol15_6/infinityfree.com/if0_42998193/htdocs/vendor/laravel/framework/src/Illuminate/Session/Middleware/StartSession.php(64): Illuminate\\Session\\Middleware\\StartSession->handleStatefulRequest(Object(Illuminate\\Http\\Request), Object(Illuminate\\Session\\Store), Object(Closure))
#30 /home/vol15_6/infinityfree.com/if0_42998193/htdocs/vendor/laravel/framework/src/Illuminate/Pipeline/Pipeline.php(167): Illuminate\\Session\\Middleware\\StartSession->handle(Object(Illuminate\\Http\\Request), Object(Closure))
#31 /home/vol15_6/infinityfree.com/if0_42998193/htdocs/vendor/laravel/framework/src/Illuminate/Cookie/Middleware/AddQueuedCookiesToResponse.php(37): Illuminate\\Pipeline\\Pipeline->{closure:{closure:Illuminate\\Pipeline\\Pipeline::carry():142}:143}(Object(Illuminate\\Http\\Request))
#32 /home/vol15_6/infinityfree.com/if0_42998193/htdocs/vendor/laravel/framework/src/Illuminate/Pipeline/Pipeline.php(167): Illuminate\\Cookie\\Middleware\\AddQueuedCookiesToResponse->handle(Object(Illuminate\\Http\\Request), Object(Closure))
#33 /home/vol15_6/infinityfree.com/if0_42998193/htdocs/vendor/laravel/framework/src/Illuminate/Cookie/Middleware/EncryptCookies.php(67): Illuminate\\Pipeline\\Pipeline->{closure:{closure:Illuminate\\Pipeline\\Pipeline::carry():142}:143}(Object(Illuminate\\Http\\Request))
#34 /home/vol15_6/infinityfree.com/if0_42998193/htdocs/vendor/laravel/framework/src/Illuminate/Pipeline/Pipeline.php(167): Illuminate\\Cookie\\Middleware\\EncryptCookies->handle(Object(Illuminate\\Http\\Request), Object(Closure))
#35 /home/vol15_6/infinityfree.com/if0_42998193/htdocs/vendor/laravel/framework/src/Illuminate/Pipeline/Pipeline.php(103): Illuminate\\Pipeline\\Pipeline->{closure:{closure:Illuminate\\Pipeline\\Pipeline::carry():142}:143}(Object(Illuminate\\Http\\Request))
#36 /home/vol15_6/infinityfree.com/if0_42998193/htdocs/vendor/laravel/framework/src/Illuminate/Routing/Router.php(719): Illuminate\\Pipeline\\Pipeline->then(Object(Closure))
#37 /home/vol15_6/infinityfree.com/if0_42998193/htdocs/vendor/laravel/framework/src/Illuminate/Routing/Router.php(698): Illuminate\\Routing\\Router->runRouteWithinStack(Object(Illuminate\\Routing\\Route), Object(Illuminate\\Http\\Request))
#38 /home/vol15_6/infinityfree.com/if0_42998193/htdocs/vendor/laravel/framework/src/Illuminate/Routing/Router.php(662): Illuminate\\Routing\\Router->runRoute(Object(Illuminate\\Http\\Request), Object(Illuminate\\Routing\\Route))
#39 /home/vol15_6/infinityfree.com/if0_42998193/htdocs/vendor/laravel/framework/src/Illuminate/Routing/Router.php(651): Illuminate\\Routing\\Router->dispatchToRoute(Object(Illuminate\\Http\\Request))
#40 /home/vol15_6/infinityfree.com/if0_42998193/htdocs/vendor/laravel/framework/src/Illuminate/Foundation/Http/Kernel.php(167): Illuminate\\Routing\\Router->dispatch(Object(Illuminate\\Http\\Request))
#41 /home/vol15_6/infinityfree.com/if0_42998193/htdocs/vendor/laravel/framework/src/Illuminate/Pipeline/Pipeline.php(128): Illuminate\\Foundation\\Http\\Kernel->{closure:Illuminate\\Foundation\\Http\\Kernel::dispatchToRouter():164}(Object(Illuminate\\Http\\Request))
#42 /home/vol15_6/infinityfree.com/if0_42998193/htdocs/vendor/laravel/framework/src/Illuminate/Foundation/Http/Middleware/TransformsRequest.php(21): Illuminate\\Pipeline\\Pipeline->{closure:Illuminate\\Pipeline\\Pipeline::prepareDestination():126}(Object(Illuminate\\Http\\Request))
#43 /home/vol15_6/infinityfree.com/if0_42998193/htdocs/vendor/laravel/framework/src/Illuminate/Foundation/Http/Middleware/ConvertEmptyStringsToNull.php(31): Illuminate\\Foundation\\Http\\Middleware\\TransformsRequest->handle(Object(Illuminate\\Http\\Request), Object(Closure))
#44 /home/vol15_6/infinityfree.com/if0_42998193/htdocs/vendor/laravel/framework/src/Illuminate/Pipeline/Pipeline.php(167): Illuminate\\Foundation\\Http\\Middleware\\ConvertEmptyStringsToNull->handle(Object(Illuminate\\Http\\Request), Object(Closure))
#45 /home/vol15_6/infinityfree.com/if0_42998193/htdocs/vendor/laravel/framework/src/Illuminate/Foundation/Http/Middleware/TransformsRequest.php(21): Illuminate\\Pipeline\\Pipeline->{closure:{closure:Illuminate\\Pipeline\\Pipeline::carry():142}:143}(Object(Illuminate\\Http\\Request))
#46 /home/vol15_6/infinityfree.com/if0_42998193/htdocs/vendor/laravel/framework/src/Illuminate/Foundation/Http/Middleware/TrimStrings.php(40): Illuminate\\Foundation\\Http\\Middleware\\TransformsRequest->handle(Object(Illuminate\\Http\\Request), Object(Closure))
#47 /home/vol15_6/infinityfree.com/if0_42998193/htdocs/vendor/laravel/framework/src/Illuminate/Pipeline/Pipeline.php(167): Illuminate\\Foundation\\Http\\Middleware\\TrimStrings->handle(Object(Illuminate\\Http\\Request), Object(Closure))
#48 /home/vol15_6/infinityfree.com/if0_42998193/htdocs/vendor/laravel/framework/src/Illuminate/Foundation/Http/Middleware/ValidatePostSize.php(27): Illuminate\\Pipeline\\Pipeline->{closure:{closure:Illuminate\\Pipeline\\Pipeline::carry():142}:143}(Object(Illuminate\\Http\\Request))
#49 /home/vol15_6/infinityfree.com/if0_42998193/htdocs/vendor/laravel/framework/src/Illuminate/Pipeline/Pipeline.php(167): Illuminate\\Foundation\\Http\\Middleware\\ValidatePostSize->handle(Object(Illuminate\\Http\\Request), Object(Closure))
#50 /home/vol15_6/infinityfree.com/if0_42998193/htdocs/vendor/laravel/framework/src/Illuminate/Foundation/Http/Middleware/PreventRequestsDuringMaintenance.php(86): Illuminate\\Pipeline\\Pipeline->{closure:{closure:Illuminate\\Pipeline\\Pipeline::carry():142}:143}(Object(Illuminate\\Http\\Request))
#51 /home/vol15_6/infinityfree.com/if0_42998193/htdocs/vendor/laravel/framework/src/Illuminate/Pipeline/Pipeline.php(167): Illuminate\\Foundation\\Http\\Middleware\\PreventRequestsDuringMaintenance->handle(Object(Illuminate\\Http\\Request), Object(Closure))
#52 /home/vol15_6/infinityfree.com/if0_42998193/htdocs/vendor/fruitcake/laravel-cors/src/HandleCors.php(38): Illuminate\\Pipeline\\Pipeline->{closure:{closure:Illuminate\\Pipeline\\Pipeline::carry():142}:143}(Object(Illuminate\\Http\\Request))
#53 /home/vol15_6/infinityfree.com/if0_42998193/htdocs/vendor/laravel/framework/src/Illuminate/Pipeline/Pipeline.php(167): Fruitcake\\Cors\\HandleCors->handle(Object(Illuminate\\Http\\Request), Object(Closure))
#54 /home/vol15_6/infinityfree.com/if0_42998193/htdocs/vendor/laravel/framework/src/Illuminate/Http/Middleware/TrustProxies.php(39): Illuminate\\Pipeline\\Pipeline->{closure:{closure:Illuminate\\Pipeline\\Pipeline::carry():142}:143}(Object(Illuminate\\Http\\Request))
#55 /home/vol15_6/infinityfree.com/if0_42998193/htdocs/vendor/laravel/framework/src/Illuminate/Pipeline/Pipeline.php(167): Illuminate\\Http\\Middleware\\TrustProxies->handle(Object(Illuminate\\Http\\Request), Object(Closure))
#56 /home/vol15_6/infinityfree.com/if0_42998193/htdocs/vendor/laravel/framework/src/Illuminate/Pipeline/Pipeline.php(103): Illuminate\\Pipeline\\Pipeline->{closure:{closure:Illuminate\\Pipeline\\Pipeline::carry():142}:143}(Object(Illuminate\\Http\\Request))
#57 /home/vol15_6/infinityfree.com/if0_42998193/htdocs/vendor/laravel/framework/src/Illuminate/Foundation/Http/Kernel.php(142): Illuminate\\Pipeline\\Pipeline->then(Object(Closure))
#58 /home/vol15_6/infinityfree.com/if0_42998193/htdocs/vendor/laravel/framework/src/Illuminate/Foundation/Http/Kernel.php(111): Illuminate\\Foundation\\Http\\Kernel->sendRequestThroughRouter(Object(Illuminate\\Http\\Request))
#59 /home/vol15_6/infinityfree.com/if0_42998193/htdocs/index.php(21): Illuminate\\Foundation\\Http\\Kernel->handle(Object(Illuminate\\Http\\Request))
#60 {main}

[previous exception] [object] (PDOException(code: 1044): SQLSTATE[HY000] [1044] Access denied for user 'if0_42998193'@'192.168.%' to database 'if0_42998193_XXX' at /home/vol15_6/infinityfree.com/if0_42998193/htdocs/vendor/laravel/framework/src/Illuminate/Database/Connectors/Connector.php:70)
[stacktrace]
#0 /home/vol15_6/infinityfree.com/if0_42998193/htdocs/vendor/laravel/framework/src/Illuminate/Database/Connectors/Connector.php(70): PDO->__construct('mysql:host=sql1...', 'if0_42998193', Object(SensitiveParameterValue), Array)
#1 /home/vol15_6/infinityfree.com/if0_42998193/htdocs/vendor/laravel/framework/src/Illuminate/Database/Connectors/Connector.php(45): Illuminate\\Database\\Connectors\\Connector->createPdoConnection('mysql:host=sql1...', 'if0_42998193', 'XmMafroxSJCvO8t', Array)
#2 /home/vol15_6/infinityfree.com/if0_42998193/htdocs/vendor/laravel/framework/src/Illuminate/Database/Connectors/MySqlConnector.php(24): Illuminate\\Database\\Connectors\\Connector->createConnection('mysql:host=sql1...', Array, Array)
#3 /home/vol15_6/infinityfree.com/if0_42998193/htdocs/vendor/laravel/framework/src/Illuminate/Database/Connectors/ConnectionFactory.php(184): Illuminate\\Database\\Connectors\\MySqlConnector->connect(Array)
#4 [internal function]: Illuminate\\Database\\Connectors\\ConnectionFactory->{closure:Illuminate\\Database\\Connectors\\ConnectionFactory::createPdoResolverWithHosts():179}()
#5 /home/vol15_6/infinityfree.com/if0_42998193/htdocs/vendor/laravel/framework/src/Illuminate/Database/Connection.php(1064): call_user_func(Object(Closure))
#6 /home/vol15_6/infinityfree.com/if0_42998193/htdocs/vendor/laravel/framework/src/Illuminate/Database/Connection.php(1100): Illuminate\\Database\\Connection->getPdo()
#7 /home/vol15_6/infinityfree.com/if0_42998193/htdocs/vendor/laravel/framework/src/Illuminate/Database/Connection.php(442): Illuminate\\Database\\Connection->getReadPdo()
#8 /home/vol15_6/infinityfree.com/if0_42998193/htdocs/vendor/laravel/framework/src/Illuminate/Database/Connection.php(368): Illuminate\\Database\\Connection->getPdoForSelect(true)
#9 /home/vol15_6/infinityfree.com/if0_42998193/htdocs/vendor/laravel/framework/src/Illuminate/Database/Connection.php(705): Illuminate\\Database\\Connection->{closure:Illuminate\\Database\\Connection::select():359}('select * from `...', Array)
#10 /home/vol15_6/infinityfree.com/if0_42998193/htdocs/vendor/laravel/framework/src/Illuminate/Database/Connection.php(672): Illuminate\\Database\\Connection->runQueryCallback('select * from `...', Array, Object(Closure))
#11 /home/vol15_6/infinityfree.com/if0_42998193/htdocs/vendor/laravel/framework/src/Illuminate/Database/Connection.php(359): Illuminate\\Database\\Connection->run('select * from `...', Array, Object(Closure))
#12 /home/vol15_6/infinityfree.com/if0_42998193/htdocs/vendor/laravel/framework/src/Illuminate/Database/Query/Builder.php(2413): Illuminate\\Database\\Connection->select('select * from `...', Array, true)
#13 /home/vol15_6/infinityfree.com/if0_42998193/htdocs/vendor/laravel/framework/src/Illuminate/Database/Query/Builder.php(2402): Illuminate\\Database\\Query\\Builder->runSelect()
#14 /home/vol15_6/infinityfree.com/if0_42998193/htdocs/vendor/laravel/framework/src/Illuminate/Database/Query/Builder.php(2936): Illuminate\\Database\\Query\\Builder->{closure:Illuminate\\Database\\Query\\Builder::get():2401}()
#15 /home/vol15_6/infinityfree.com/if0_42998193/htdocs/vendor/laravel/framework/src/Illuminate/Database/Query/Builder.php(2401): Illuminate\\Database\\Query\\Builder->onceWithColumns(Array, Object(Closure))
#16 /home/vol15_6/infinityfree.com/if0_42998193/htdocs/vendor/laravel/framework/src/Illuminate/Database/Eloquent/Builder.php(625): Illuminate\\Database\\Query\\Builder->get(Array)
#17 /home/vol15_6/infinityfree.com/if0_42998193/htdocs/vendor/laravel/framework/src/Illuminate/Database/Eloquent/Builder.php(609): Illuminate\\Database\\Eloquent\\Builder->getModels(Array)
#18 /home/vol15_6/infinityfree.com/if0_42998193/htdocs/vendor/laravel/framework/src/Illuminate/Database/Concerns/BuildsQueries.php(294): Illuminate\\Database\\Eloquent\\Builder->get(Array)
#19 /home/vol15_6/infinityfree.com/if0_42998193/htdocs/vendor/laravel/framework/src/Illuminate/Auth/EloquentUserProvider.php(134): Illuminate\\Database\\Eloquent\\Builder->first()
#20 /home/vol15_6/infinityfree.com/if0_42998193/htdocs/vendor/laravel/framework/src/Illuminate/Auth/SessionGuard.php(377): Illuminate\\Auth\\EloquentUserProvider->retrieveByCredentials(Array)
#21 /home/vol15_6/infinityfree.com/if0_42998193/htdocs/vendor/laravel/framework/src/Illuminate/Auth/AuthManager.php(340): Illuminate\\Auth\\SessionGuard->attempt(Array, false)
#22 /home/vol15_6/infinityfree.com/if0_42998193/htdocs/vendor/laravel/framework/src/Illuminate/Support/Facades/Facade.php(261): Illuminate\\Auth\\AuthManager->__call('attempt', Array)
#23 /home/vol15_6/infinityfree.com/if0_42998193/htdocs/app/Http/Controllers/AuthController.php(26): Illuminate\\Support\\Facades\\Facade::__callStatic('attempt', Array)
#24 /home/vol15_6/infinityfree.com/if0_42998193/htdocs/vendor/laravel/framework/src/Illuminate/Routing/Controller.php(54): App\\Http\\Controllers\\AuthController->login(Object(Illuminate\\Http\\Request))
#25 /home/vol15_6/infinityfree.com/if0_42998193/htdocs/vendor/laravel/framework/src/Illuminate/Routing/ControllerDispatcher.php(45): Illuminate\\Routing\\Controller->callAction('login', Array)
#26 /home/vol15_6/infinityfree.com/if0_42998193/htdocs/vendor/laravel/framework/src/Illuminate/Routing/Route.php(261): Illuminate\\Routing\\ControllerDispatcher->dispatch(Object(Illuminate\\Routing\\Route), Object(App\\Http\\Controllers\\AuthController), 'login')
#27 /home/vol15_6/infinityfree.com/if0_42998193/htdocs/vendor/laravel/framework/src/Illuminate/Routing/Route.php(205): Illuminate\\Routing\\Route->runController()
#28 /home/vol15_6/infinityfree.com/if0_42998193/htdocs/vendor/laravel/framework/src/Illuminate/Routing/Router.php(721): Illuminate\\Routing\\Route->run()
#29 /home/vol15_6/infinityfree.com/if0_42998193/htdocs/vendor/laravel/framework/src/Illuminate/Pipeline/Pipeline.php(128): Illuminate\\Routing\\Router->{closure:Illuminate\\Routing\\Router::runRouteWithinStack():719}(Object(Illuminate\\Http\\Request))
#30 /home/vol15_6/infinityfree.com/if0_42998193/htdocs/app/Http/Middleware/RedirectIfAuthenticated.php(30): Illuminate\\Pipeline\\Pipeline->{closure:Illuminate\\Pipeline\\Pipeline::prepareDestination():126}(Object(Illuminate\\Http\\Request))
#31 /home/vol15_6/infinityfree.com/if0_42998193/htdocs/vendor/laravel/framework/src/Illuminate/Pipeline/Pipeline.php(167): App\\Http\\Middleware\\RedirectIfAuthenticated->handle(Object(Illuminate\\Http\\Request), Object(Closure))
#32 /home/vol15_6/infinityfree.com/if0_42998193/htdocs/vendor/laravel/framework/src/Illuminate/Routing/Middleware/SubstituteBindings.php(50): Illuminate\\Pipeline\\Pipeline->{closure:{closure:Illuminate\\Pipeline\\Pipeline::carry():142}:143}(Object(Illuminate\\Http\\Request))
#33 /home/vol15_6/infinityfree.com/if0_42998193/htdocs/vendor/laravel/framework/src/Illuminate/Pipeline/Pipeline.php(167): Illuminate\\Routing\\Middleware\\SubstituteBindings->handle(Object(Illuminate\\Http\\Request), Object(Closure))
#34 /home/vol15_6/infinityfree.com/if0_42998193/htdocs/vendor/laravel/framework/src/Illuminate/Foundation/Http/Middleware/VerifyCsrfToken.php(78): Illuminate\\Pipeline\\Pipeline->{closure:{closure:Illuminate\\Pipeline\\Pipeline::carry():142}:143}(Object(Illuminate\\Http\\Request))
#35 /home/vol15_6/infinityfree.com/if0_42998193/htdocs/vendor/laravel/framework/src/Illuminate/Pipeline/Pipeline.php(167): Illuminate\\Foundation\\Http\\Middleware\\VerifyCsrfToken->handle(Object(Illuminate\\Http\\Request), Object(Closure))
#36 /home/vol15_6/infinityfree.com/if0_42998193/htdocs/vendor/laravel/framework/src/Illuminate/View/Middleware/ShareErrorsFromSession.php(49): Illuminate\\Pipeline\\Pipeline->{closure:{closure:Illuminate\\Pipeline\\Pipeline::carry():142}:143}(Object(Illuminate\\Http\\Request))
#37 /home/vol15_6/infinityfree.com/if0_42998193/htdocs/vendor/laravel/framework/src/Illuminate/Pipeline/Pipeline.php(167): Illuminate\\View\\Middleware\\ShareErrorsFromSession->handle(Object(Illuminate\\Http\\Request), Object(Closure))
#38 /home/vol15_6/infinityfree.com/if0_42998193/htdocs/vendor/laravel/framework/src/Illuminate/Session/Middleware/StartSession.php(121): Illuminate\\Pipeline\\Pipeline->{closure:{closure:Illuminate\\Pipeline\\Pipeline::carry():142}:143}(Object(Illuminate\\Http\\Request))
#39 /home/vol15_6/infinityfree.com/if0_42998193/htdocs/vendor/laravel/framework/src/Illuminate/Session/Middleware/StartSession.php(64): Illuminate\\Session\\Middleware\\StartSession->handleStatefulRequest(Object(Illuminate\\Http\\Request), Object(Illuminate\\Session\\Store), Object(Closure))
#40 /home/vol15_6/infinityfree.com/if0_42998193/htdocs/vendor/laravel/framework/src/Illuminate/Pipeline/Pipeline.php(167): Illuminate\\Session\\Middleware\\StartSession->handle(Object(Illuminate\\Http\\Request), Object(Closure))
#41 /home/vol15_6/infinityfree.com/if0_42998193/htdocs/vendor/laravel/framework/src/Illuminate/Cookie/Middleware/AddQueuedCookiesToResponse.php(37): Illuminate\\Pipeline\\Pipeline->{closure:{closure:Illuminate\\Pipeline\\Pipeline::carry():142}:143}(Object(Illuminate\\Http\\Request))
#42 /home/vol15_6/infinityfree.com/if0_42998193/htdocs/vendor/laravel/framework/src/Illuminate/Pipeline/Pipeline.php(167): Illuminate\\Cookie\\Middleware\\AddQueuedCookiesToResponse->handle(Object(Illuminate\\Http\\Request), Object(Closure))
#43 /home/vol15_6/infinityfree.com/if0_42998193/htdocs/vendor/laravel/framework/src/Illuminate/Cookie/Middleware/EncryptCookies.php(67): Illuminate\\Pipeline\\Pipeline->{closure:{closure:Illuminate\\Pipeline\\Pipeline::carry():142}:143}(Object(Illuminate\\Http\\Request))
#44 /home/vol15_6/infinityfree.com/if0_42998193/htdocs/vendor/laravel/framework/src/Illuminate/Pipeline/Pipeline.php(167): Illuminate\\Cookie\\Middleware\\EncryptCookies->handle(Object(Illuminate\\Http\\Request), Object(Closure))
#45 /home/vol15_6/infinityfree.com/if0_42998193/htdocs/vendor/laravel/framework/src/Illuminate/Pipeline/Pipeline.php(103): Illuminate\\Pipeline\\Pipeline->{closure:{closure:Illuminate\\Pipeline\\Pipeline::carry():142}:143}(Object(Illuminate\\Http\\Request))
#46 /home/vol15_6/infinityfree.com/if0_42998193/htdocs/vendor/laravel/framework/src/Illuminate/Routing/Router.php(719): Illuminate\\Pipeline\\Pipeline->then(Object(Closure))
#47 /home/vol15_6/infinityfree.com/if0_42998193/htdocs/vendor/laravel/framework/src/Illuminate/Routing/Router.php(698): Illuminate\\Routing\\Router->runRouteWithinStack(Object(Illuminate\\Routing\\Route), Object(Illuminate\\Http\\Request))
#48 /home/vol15_6/infinityfree.com/if0_42998193/htdocs/vendor/laravel/framework/src/Illuminate/Routing/Router.php(662): Illuminate\\Routing\\Router->runRoute(Object(Illuminate\\Http\\Request), Object(Illuminate\\Routing\\Route))
#49 /home/vol15_6/infinityfree.com/if0_42998193/htdocs/vendor/laravel/framework/src/Illuminate/Routing/Router.php(651): Illuminate\\Routing\\Router->dispatchToRoute(Object(Illuminate\\Http\\Request))
#50 /home/vol15_6/infinityfree.com/if0_42998193/htdocs/vendor/laravel/framework/src/Illuminate/Foundation/Http/Kernel.php(167): Illuminate\\Routing\\Router->dispatch(Object(Illuminate\\Http\\Request))
#51 /home/vol15_6/infinityfree.com/if0_42998193/htdocs/vendor/laravel/framework/src/Illuminate/Pipeline/Pipeline.php(128): Illuminate\\Foundation\\Http\\Kernel->{closure:Illuminate\\Foundation\\Http\\Kernel::dispatchToRouter():164}(Object(Illuminate\\Http\\Request))
#52 /home/vol15_6/infinityfree.com/if0_42998193/htdocs/vendor/laravel/framework/src/Illuminate/Foundation/Http/Middleware/TransformsRequest.php(21): Illuminate\\Pipeline\\Pipeline->{closure:Illuminate\\Pipeline\\Pipeline::prepareDestination():126}(Object(Illuminate\\Http\\Request))
#53 /home/vol15_6/infinityfree.com/if0_42998193/htdocs/vendor/laravel/framework/src/Illuminate/Foundation/Http/Middleware/ConvertEmptyStringsToNull.php(31): Illuminate\\Foundation\\Http\\Middleware\\TransformsRequest->handle(Object(Illuminate\\Http\\Request), Object(Closure))
#54 /home/vol15_6/infinityfree.com/if0_42998193/htdocs/vendor/laravel/framework/src/Illuminate/Pipeline/Pipeline.php(167): Illuminate\\Foundation\\Http\\Middleware\\ConvertEmptyStringsToNull->handle(Object(Illuminate\\Http\\Request), Object(Closure))
#55 /home/vol15_6/infinityfree.com/if0_42998193/htdocs/vendor/laravel/framework/src/Illuminate/Foundation/Http/Middleware/TransformsRequest.php(21): Illuminate\\Pipeline\\Pipeline->{closure:{closure:Illuminate\\Pipeline\\Pipeline::carry():142}:143}(Object(Illuminate\\Http\\Request))
#56 /home/vol15_6/infinityfree.com/if0_42998193/htdocs/vendor/laravel/framework/src/Illuminate/Foundation/Http/Middleware/TrimStrings.php(40): Illuminate\\Foundation\\Http\\Middleware\\TransformsRequest->handle(Object(Illuminate\\Http\\Request), Object(Closure))
#57 /home/vol15_6/infinityfree.com/if0_42998193/htdocs/vendor/laravel/framework/src/Illuminate/Pipeline/Pipeline.php(167): Illuminate\\Foundation\\Http\\Middleware\\TrimStrings->handle(Object(Illuminate\\Http\\Request), Object(Closure))
#58 /home/vol15_6/infinityfree.com/if0_42998193/htdocs/vendor/laravel/framework/src/Illuminate/Foundation/Http/Middleware/ValidatePostSize.php(27): Illuminate\\Pipeline\\Pipeline->{closure:{closure:Illuminate\\Pipeline\\Pipeline::carry():142}:143}(Object(Illuminate\\Http\\Request))
#59 /home/vol15_6/infinityfree.com/if0_42998193/htdocs/vendor/laravel/framework/src/Illuminate/Pipeline/Pipeline.php(167): Illuminate\\Foundation\\Http\\Middleware\\ValidatePostSize->handle(Object(Illuminate\\Http\\Request), Object(Closure))
#60 /home/vol15_6/infinityfree.com/if0_42998193/htdocs/vendor/laravel/framework/src/Illuminate/Foundation/Http/Middleware/PreventRequestsDuringMaintenance.php(86): Illuminate\\Pipeline\\Pipeline->{closure:{closure:Illuminate\\Pipeline\\Pipeline::carry():142}:143}(Object(Illuminate\\Http\\Request))
#61 /home/vol15_6/infinityfree.com/if0_42998193/htdocs/vendor/laravel/framework/src/Illuminate/Pipeline/Pipeline.php(167): Illuminate\\Foundation\\Http\\Middleware\\PreventRequestsDuringMaintenance->handle(Object(Illuminate\\Http\\Request), Object(Closure))
#62 /home/vol15_6/infinityfree.com/if0_42998193/htdocs/vendor/fruitcake/laravel-cors/src/HandleCors.php(38): Illuminate\\Pipeline\\Pipeline->{closure:{closure:Illuminate\\Pipeline\\Pipeline::carry():142}:143}(Object(Illuminate\\Http\\Request))
#63 /home/vol15_6/infinityfree.com/if0_42998193/htdocs/vendor/laravel/framework/src/Illuminate/Pipeline/Pipeline.php(167): Fruitcake\\Cors\\HandleCors->handle(Object(Illuminate\\Http\\Request), Object(Closure))
#64 /home/vol15_6/infinityfree.com/if0_42998193/htdocs/vendor/laravel/framework/src/Illuminate/Http/Middleware/TrustProxies.php(39): Illuminate\\Pipeline\\Pipeline->{closure:{closure:Illuminate\\Pipeline\\Pipeline::carry():142}:143}(Object(Illuminate\\Http\\Request))
#65 /home/vol15_6/infinityfree.com/if0_42998193/htdocs/vendor/laravel/framework/src/Illuminate/Pipeline/Pipeline.php(167): Illuminate\\Http\\Middleware\\TrustProxies->handle(Object(Illuminate\\Http\\Request), Object(Closure))
#66 /home/vol15_6/infinityfree.com/if0_42998193/htdocs/vendor/laravel/framework/src/Illuminate/Pipeline/Pipeline.php(103): Illuminate\\Pipeline\\Pipeline->{closure:{closure:Illuminate\\Pipeline\\Pipeline::carry():142}:143}(Object(Illuminate\\Http\\Request))
#67 /home/vol15_6/infinityfree.com/if0_42998193/htdocs/vendor/laravel/framework/src/Illuminate/Foundation/Http/Kernel.php(142): Illuminate\\Pipeline\\Pipeline->then(Object(Closure))
#68 /home/vol15_6/infinityfree.com/if0_42998193/htdocs/vendor/laravel/framework/src/Illuminate/Foundation/Http/Kernel.php(111): Illuminate\\Foundation\\Http\\Kernel->sendRequestThroughRouter(Object(Illuminate\\Http\\Request))
#69 /home/vol15_6/infinityfree.com/if0_42998193/htdocs/index.php(21): Illuminate\\Foundation\\Http\\Kernel->handle(Object(Illuminate\\Http\\Request))
#70 {main}
"} 
[2026-09-30 11:02:51] production.ERROR: SQLSTATE[HY000] [1044] Access denied for user 'if0_42998193'@'192.168.%' to database 'if0_42998193_XXX' (SQL: select * from `users` where `email` = dedi.k@taniraya.co.id limit 1) {"exception":"[object] (Illuminate\\Database\\QueryException(code: 1044): SQLSTATE[HY000] [1044] Access denied for user 'if0_42998193'@'192.168.%' to database 'if0_42998193_XXX' (SQL: select * from `users` where `email` = dedi.k@taniraya.co.id limit 1) at /home/vol15_6/infinityfree.com/if0_42998193/htdocs/vendor/laravel/framework/src/Illuminate/Database/Connection.php:712)
[stacktrace]
#0 /home/vol15_6/infinityfree.com/if0_42998193/htdocs/vendor/laravel/framework/src/Illuminate/Database/Connection.php(672): Illuminate\\Database\\Connection->runQueryCallback('select * from `...', Array, Object(Closure))
#1 /home/vol15_6/infinityfree.com/if0_42998193/htdocs/vendor/laravel/framework/src/Illuminate/Database/Connection.php(359): Illuminate\\Database\\Connection->run('select * from `...', Array, Object(Closure))
#2 /home/vol15_6/infinityfree.com/if0_42998193/htdocs/vendor/laravel/framework/src/Illuminate/Database/Query/Builder.php(2413): Illuminate\\Database\\Connection->select('select * from `...', Array, true)
#3 /home/vol15_6/infinityfree.com/if0_42998193/htdocs/vendor/laravel/framework/src/Illuminate/Database/Query/Builder.php(2402): Illuminate\\Database\\Query\\Builder->runSelect()
#4 /home/vol15_6/infinityfree.com/if0_42998193/htdocs/vendor/laravel/framework/src/Illuminate/Database/Query/Builder.php(2936): Illuminate\\Database\\Query\\Builder->{closure:Illuminate\\Database\\Query\\Builder::get():2401}()
#5 /home/vol15_6/infinityfree.com/if0_42998193/htdocs/vendor/laravel/framework/src/Illuminate/Database/Query/Builder.php(2401): Illuminate\\Database\\Query\\Builder->onceWithColumns(Array, Object(Closure))
#6 /home/vol15_6/infinityfree.com/if0_42998193/htdocs/vendor/laravel/framework/src/Illuminate/Database/Eloquent/Builder.php(625): Illuminate\\Database\\Query\\Builder->get(Array)
#7 /home/vol15_6/infinityfree.com/if0_42998193/htdocs/vendor/laravel/framework/src/Illuminate/Database/Eloquent/Builder.php(609): Illuminate\\Database\\Eloquent\\Builder->getModels(Array)
#8 /home/vol15_6/infinityfree.com/if0_42998193/htdocs/vendor/laravel/framework/src/Illuminate/Database/Concerns/BuildsQueries.php(294): Illuminate\\Database\\Eloquent\\Builder->get(Array)
#9 /home/vol15_6/infinityfree.com/if0_42998193/htdocs/vendor/laravel/framework/src/Illuminate/Auth/EloquentUserProvider.php(134): Illuminate\\Database\\Eloquent\\Builder->first()
#10 /home/vol15_6/infinityfree.com/if0_42998193/htdocs/vendor/laravel/framework/src/Illuminate/Auth/SessionGuard.php(377): Illuminate\\Auth\\EloquentUserProvider->retrieveByCredentials(Array)
#11 /home/vol15_6/infinityfree.com/if0_42998193/htdocs/vendor/laravel/framework/src/Illuminate/Auth/AuthManager.php(340): Illuminate\\Auth\\SessionGuard->attempt(Array, false)
#12 /home/vol15_6/infinityfree.com/if0_42998193/htdocs/vendor/laravel/framework/src/Illuminate/Support/Facades/Facade.php(261): Illuminate\\Auth\\AuthManager->__call('attempt', Array)
#13 /home/vol15_6/infinityfree.com/if0_42998193/htdocs/app/Http/Controllers/AuthController.php(26): Illuminate\\Support\\Facades\\Facade::__callStatic('attempt', Array)
#14 /home/vol15_6/infinityfree.com/if0_42998193/htdocs/vendor/laravel/framework/src/Illuminate/Routing/Controller.php(54): App\\Http\\Controllers\\AuthController->login(Object(Illuminate\\Http\\Request))
#15 /home/vol15_6/infinityfree.com/if0_42998193/htdocs/vendor/laravel/framework/src/Illuminate/Routing/ControllerDispatcher.php(45): Illuminate\\Routing\\Controller->callAction('login', Array)
#16 /home/vol15_6/infinityfree.com/if0_42998193/htdocs/vendor/laravel/framework/src/Illuminate/Routing/Route.php(261): Illuminate\\Routing\\ControllerDispatcher->dispatch(Object(Illuminate\\Routing\\Route), Object(App\\Http\\Controllers\\AuthController), 'login')
#17 /home/vol15_6/infinityfree.com/if0_42998193/htdocs/vendor/laravel/framework/src/Illuminate/Routing/Route.php(205): Illuminate\\Routing\\Route->runController()
#18 /home/vol15_6/infinityfree.com/if0_42998193/htdocs/vendor/laravel/framework/src/Illuminate/Routing/Router.php(721): Illuminate\\Routing\\Route->run()
#19 /home/vol15_6/infinityfree.com/if0_42998193/htdocs/vendor/laravel/framework/src/Illuminate/Pipeline/Pipeline.php(128): Illuminate\\Routing\\Router->{closure:Illuminate\\Routing\\Router::runRouteWithinStack():719}(Object(Illuminate\\Http\\Request))
#20 /home/vol15_6/infinityfree.com/if0_42998193/htdocs/app/Http/Middleware/RedirectIfAuthenticated.php(30): Illuminate\\Pipeline\\Pipeline->{closure:Illuminate\\Pipeline\\Pipeline::prepareDestination():126}(Object(Illuminate\\Http\\Request))
#21 /home/vol15_6/infinityfree.com/if0_42998193/htdocs/vendor/laravel/framework/src/Illuminate/Pipeline/Pipeline.php(167): App\\Http\\Middleware\\RedirectIfAuthenticated->handle(Object(Illuminate\\Http\\Request), Object(Closure))
#22 /home/vol15_6/infinityfree.com/if0_42998193/htdocs/vendor/laravel/framework/src/Illuminate/Routing/Middleware/SubstituteBindings.php(50): Illuminate\\Pipeline\\Pipeline->{closure:{closure:Illuminate\\Pipeline\\Pipeline::carry():142}:143}(Object(Illuminate\\Http\\Request))
#23 /home/vol15_6/infinityfree.com/if0_42998193/htdocs/vendor/laravel/framework/src/Illuminate/Pipeline/Pipeline.php(167): Illuminate\\Routing\\Middleware\\SubstituteBindings->handle(Object(Illuminate\\Http\\Request), Object(Closure))
#24 /home/vol15_6/infinityfree.com/if0_42998193/htdocs/vendor/laravel/framework/src/Illuminate/Foundation/Http/Middleware/VerifyCsrfToken.php(78): Illuminate\\Pipeline\\Pipeline->{closure:{closure:Illuminate\\Pipeline\\Pipeline::carry():142}:143}(Object(Illuminate\\Http\\Request))
#25 /home/vol15_6/infinityfree.com/if0_42998193/htdocs/vendor/laravel/framework/src/Illuminate/Pipeline/Pipeline.php(167): Illuminate\\Foundation\\Http\\Middleware\\VerifyCsrfToken->handle(Object(Illuminate\\Http\\Request), Object(Closure))
#26 /home/vol15_6/infinityfree.com/if0_42998193/htdocs/vendor/laravel/framework/src/Illuminate/View/Middleware/ShareErrorsFromSession.php(49): Illuminate\\Pipeline\\Pipeline->{closure:{closure:Illuminate\\Pipeline\\Pipeline::carry():142}:143}(Object(Illuminate\\Http\\Request))
#27 /home/vol15_6/infinityfree.com/if0_42998193/htdocs/vendor/laravel/framework/src/Illuminate/Pipeline/Pipeline.php(167): Illuminate\\View\\Middleware\\ShareErrorsFromSession->handle(Object(Illuminate\\Http\\Request), Object(Closure))
#28 /home/vol15_6/infinityfree.com/if0_42998193/htdocs/vendor/laravel/framework/src/Illuminate/Session/Middleware/StartSession.php(121): Illuminate\\Pipeline\\Pipeline->{closure:{closure:Illuminate\\Pipeline\\Pipeline::carry():142}:143}(Object(Illuminate\\Http\\Request))
#29 /home/vol15_6/infinityfree.com/if0_42998193/htdocs/vendor/laravel/framework/src/Illuminate/Session/Middleware/StartSession.php(64): Illuminate\\Session\\Middleware\\StartSession->handleStatefulRequest(Object(Illuminate\\Http\\Request), Object(Illuminate\\Session\\Store), Object(Closure))
#30 /home/vol15_6/infinityfree.com/if0_42998193/htdocs/vendor/laravel/framework/src/Illuminate/Pipeline/Pipeline.php(167): Illuminate\\Session\\Middleware\\StartSession->handle(Object(Illuminate\\Http\\Request), Object(Closure))
#31 /home/vol15_6/infinityfree.com/if0_42998193/htdocs/vendor/laravel/framework/src/Illuminate/Cookie/Middleware/AddQueuedCookiesToResponse.php(37): Illuminate\\Pipeline\\Pipeline->{closure:{closure:Illuminate\\Pipeline\\Pipeline::carry():142}:143}(Object(Illuminate\\Http\\Request))
#32 /home/vol15_6/infinityfree.com/if0_42998193/htdocs/vendor/laravel/framework/src/Illuminate/Pipeline/Pipeline.php(167): Illuminate\\Cookie\\Middleware\\AddQueuedCookiesToResponse->handle(Object(Illuminate\\Http\\Request), Object(Closure))
#33 /home/vol15_6/infinityfree.com/if0_42998193/htdocs/vendor/laravel/framework/src/Illuminate/Cookie/Middleware/EncryptCookies.php(67): Illuminate\\Pipeline\\Pipeline->{closure:{closure:Illuminate\\Pipeline\\Pipeline::carry():142}:143}(Object(Illuminate\\Http\\Request))
#34 /home/vol15_6/infinityfree.com/if0_42998193/htdocs/vendor/laravel/framework/src/Illuminate/Pipeline/Pipeline.php(167): Illuminate\\Cookie\\Middleware\\EncryptCookies->handle(Object(Illuminate\\Http\\Request), Object(Closure))
#35 /home/vol15_6/infinityfree.com/if0_42998193/htdocs/vendor/laravel/framework/src/Illuminate/Pipeline/Pipeline.php(103): Illuminate\\Pipeline\\Pipeline->{closure:{closure:Illuminate\\Pipeline\\Pipeline::carry():142}:143}(Object(Illuminate\\Http\\Request))
#36 /home/vol15_6/infinityfree.com/if0_42998193/htdocs/vendor/laravel/framework/src/Illuminate/Routing/Router.php(719): Illuminate\\Pipeline\\Pipeline->then(Object(Closure))
#37 /home/vol15_6/infinityfree.com/if0_42998193/htdocs/vendor/laravel/framework/src/Illuminate/Routing/Router.php(698): Illuminate\\Routing\\Router->runRouteWithinStack(Object(Illuminate\\Routing\\Route), Object(Illuminate\\Http\\Request))
#38 /home/vol15_6/infinityfree.com/if0_42998193/htdocs/vendor/laravel/framework/src/Illuminate/Routing/Router.php(662): Illuminate\\Routing\\Router->runRoute(Object(Illuminate\\Http\\Request), Object(Illuminate\\Routing\\Route))
#39 /home/vol15_6/infinityfree.com/if0_42998193/htdocs/vendor/laravel/framework/src/Illuminate/Routing/Router.php(651): Illuminate\\Routing\\Router->dispatchToRoute(Object(Illuminate\\Http\\Request))
#40 /home/vol15_6/infinityfree.com/if0_42998193/htdocs/vendor/laravel/framework/src/Illuminate/Foundation/Http/Kernel.php(167): Illuminate\\Routing\\Router->dispatch(Object(Illuminate\\Http\\Request))
#41 /home/vol15_6/infinityfree.com/if0_42998193/htdocs/vendor/laravel/framework/src/Illuminate/Pipeline/Pipeline.php(128): Illuminate\\Foundation\\Http\\Kernel->{closure:Illuminate\\Foundation\\Http\\Kernel::dispatchToRouter():164}(Object(Illuminate\\Http\\Request))
#42 /home/vol15_6/infinityfree.com/if0_42998193/htdocs/vendor/laravel/framework/src/Illuminate/Foundation/Http/Middleware/TransformsRequest.php(21): Illuminate\\Pipeline\\Pipeline->{closure:Illuminate\\Pipeline\\Pipeline::prepareDestination():126}(Object(Illuminate\\Http\\Request))
#43 /home/vol15_6/infinityfree.com/if0_42998193/htdocs/vendor/laravel/framework/src/Illuminate/Foundation/Http/Middleware/ConvertEmptyStringsToNull.php(31): Illuminate\\Foundation\\Http\\Middleware\\TransformsRequest->handle(Object(Illuminate\\Http\\Request), Object(Closure))
#44 /home/vol15_6/infinityfree.com/if0_42998193/htdocs/vendor/laravel/framework/src/Illuminate/Pipeline/Pipeline.php(167): Illuminate\\Foundation\\Http\\Middleware\\ConvertEmptyStringsToNull->handle(Object(Illuminate\\Http\\Request), Object(Closure))
#45 /home/vol15_6/infinityfree.com/if0_42998193/htdocs/vendor/laravel/framework/src/Illuminate/Foundation/Http/Middleware/TransformsRequest.php(21): Illuminate\\Pipeline\\Pipeline->{closure:{closure:Illuminate\\Pipeline\\Pipeline::carry():142}:143}(Object(Illuminate\\Http\\Request))
#46 /home/vol15_6/infinityfree.com/if0_42998193/htdocs/vendor/laravel/framework/src/Illuminate/Foundation/Http/Middleware/TrimStrings.php(40): Illuminate\\Foundation\\Http\\Middleware\\TransformsRequest->handle(Object(Illuminate\\Http\\Request), Object(Closure))
#47 /home/vol15_6/infinityfree.com/if0_42998193/htdocs/vendor/laravel/framework/src/Illuminate/Pipeline/Pipeline.php(167): Illuminate\\Foundation\\Http\\Middleware\\TrimStrings->handle(Object(Illuminate\\Http\\Request), Object(Closure))
#48 /home/vol15_6/infinityfree.com/if0_42998193/htdocs/vendor/laravel/framework/src/Illuminate/Foundation/Http/Middleware/ValidatePostSize.php(27): Illuminate\\Pipeline\\Pipeline->{closure:{closure:Illuminate\\Pipeline\\Pipeline::carry():142}:143}(Object(Illuminate\\Http\\Request))
#49 /home/vol15_6/infinityfree.com/if0_42998193/htdocs/vendor/laravel/framework/src/Illuminate/Pipeline/Pipeline.php(167): Illuminate\\Foundation\\Http\\Middleware\\ValidatePostSize->handle(Object(Illuminate\\Http\\Request), Object(Closure))
#50 /home/vol15_6/infinityfree.com/if0_42998193/htdocs/vendor/laravel/framework/src/Illuminate/Foundation/Http/Middleware/PreventRequestsDuringMaintenance.php(86): Illuminate\\Pipeline\\Pipeline->{closure:{closure:Illuminate\\Pipeline\\Pipeline::carry():142}:143}(Object(Illuminate\\Http\\Request))
#51 /home/vol15_6/infinityfree.com/if0_42998193/htdocs/vendor/laravel/framework/src/Illuminate/Pipeline/Pipeline.php(167): Illuminate\\Foundation\\Http\\Middleware\\PreventRequestsDuringMaintenance->handle(Object(Illuminate\\Http\\Request), Object(Closure))
#52 /home/vol15_6/infinityfree.com/if0_42998193/htdocs/vendor/fruitcake/laravel-cors/src/HandleCors.php(38): Illuminate\\Pipeline\\Pipeline->{closure:{closure:Illuminate\\Pipeline\\Pipeline::carry():142}:143}(Object(Illuminate\\Http\\Request))
#53 /home/vol15_6/infinityfree.com/if0_42998193/htdocs/vendor/laravel/framework/src/Illuminate/Pipeline/Pipeline.php(167): Fruitcake\\Cors\\HandleCors->handle(Object(Illuminate\\Http\\Request), Object(Closure))
#54 /home/vol15_6/infinityfree.com/if0_42998193/htdocs/vendor/laravel/framework/src/Illuminate/Http/Middleware/TrustProxies.php(39): Illuminate\\Pipeline\\Pipeline->{closure:{closure:Illuminate\\Pipeline\\Pipeline::carry():142}:143}(Object(Illuminate\\Http\\Request))
#55 /home/vol15_6/infinityfree.com/if0_42998193/htdocs/vendor/laravel/framework/src/Illuminate/Pipeline/Pipeline.php(167): Illuminate\\Http\\Middleware\\TrustProxies->handle(Object(Illuminate\\Http\\Request), Object(Closure))
#56 /home/vol15_6/infinityfree.com/if0_42998193/htdocs/vendor/laravel/framework/src/Illuminate/Pipeline/Pipeline.php(103): Illuminate\\Pipeline\\Pipeline->{closure:{closure:Illuminate\\Pipeline\\Pipeline::carry():142}:143}(Object(Illuminate\\Http\\Request))
#57 /home/vol15_6/infinityfree.com/if0_42998193/htdocs/vendor/laravel/framework/src/Illuminate/Foundation/Http/Kernel.php(142): Illuminate\\Pipeline\\Pipeline->then(Object(Closure))
#58 /home/vol15_6/infinityfree.com/if0_42998193/htdocs/vendor/laravel/framework/src/Illuminate/Foundation/Http/Kernel.php(111): Illuminate\\Foundation\\Http\\Kernel->sendRequestThroughRouter(Object(Illuminate\\Http\\Request))
#59 /home/vol15_6/infinityfree.com/if0_42998193/htdocs/index.php(21): Illuminate\\Foundation\\Http\\Kernel->handle(Object(Illuminate\\Http\\Request))
#60 {main}

[previous exception] [object] (PDOException(code: 1044): SQLSTATE[HY000] [1044] Access denied for user 'if0_42998193'@'192.168.%' to database 'if0_42998193_XXX' at /home/vol15_6/infinityfree.com/if0_42998193/htdocs/vendor/laravel/framework/src/Illuminate/Database/Connectors/Connector.php:70)
[stacktrace]
#0 /home/vol15_6/infinityfree.com/if0_42998193/htdocs/vendor/laravel/framework/src/Illuminate/Database/Connectors/Connector.php(70): PDO->__construct('mysql:host=sql1...', 'if0_42998193', Object(SensitiveParameterValue), Array)
#1 /home/vol15_6/infinityfree.com/if0_42998193/htdocs/vendor/laravel/framework/src/Illuminate/Database/Connectors/Connector.php(45): Illuminate\\Database\\Connectors\\Connector->createPdoConnection('mysql:host=sql1...', 'if0_42998193', 'XmMafroxSJCvO8t', Array)
#2 /home/vol15_6/infinityfree.com/if0_42998193/htdocs/vendor/laravel/framework/src/Illuminate/Database/Connectors/MySqlConnector.php(24): Illuminate\\Database\\Connectors\\Connector->createConnection('mysql:host=sql1...', Array, Array)
#3 /home/vol15_6/infinityfree.com/if0_42998193/htdocs/vendor/laravel/framework/src/Illuminate/Database/Connectors/ConnectionFactory.php(184): Illuminate\\Database\\Connectors\\MySqlConnector->connect(Array)
#4 [internal function]: Illuminate\\Database\\Connectors\\ConnectionFactory->{closure:Illuminate\\Database\\Connectors\\ConnectionFactory::createPdoResolverWithHosts():179}()
#5 /home/vol15_6/infinityfree.com/if0_42998193/htdocs/vendor/laravel/framework/src/Illuminate/Database/Connection.php(1064): call_user_func(Object(Closure))
#6 /home/vol15_6/infinityfree.com/if0_42998193/htdocs/vendor/laravel/framework/src/Illuminate/Database/Connection.php(1100): Illuminate\\Database\\Connection->getPdo()
#7 /home/vol15_6/infinityfree.com/if0_42998193/htdocs/vendor/laravel/framework/src/Illuminate/Database/Connection.php(442): Illuminate\\Database\\Connection->getReadPdo()
#8 /home/vol15_6/infinityfree.com/if0_42998193/htdocs/vendor/laravel/framework/src/Illuminate/Database/Connection.php(368): Illuminate\\Database\\Connection->getPdoForSelect(true)
#9 /home/vol15_6/infinityfree.com/if0_42998193/htdocs/vendor/laravel/framework/src/Illuminate/Database/Connection.php(705): Illuminate\\Database\\Connection->{closure:Illuminate\\Database\\Connection::select():359}('select * from `...', Array)
#10 /home/vol15_6/infinityfree.com/if0_42998193/htdocs/vendor/laravel/framework/src/Illuminate/Database/Connection.php(672): Illuminate\\Database\\Connection->runQueryCallback('select * from `...', Array, Object(Closure))
#11 /home/vol15_6/infinityfree.com/if0_42998193/htdocs/vendor/laravel/framework/src/Illuminate/Database/Connection.php(359): Illuminate\\Database\\Connection->run('select * from `...', Array, Object(Closure))
#12 /home/vol15_6/infinityfree.com/if0_42998193/htdocs/vendor/laravel/framework/src/Illuminate/Database/Query/Builder.php(2413): Illuminate\\Database\\Connection->select('select * from `...', Array, true)
#13 /home/vol15_6/infinityfree.com/if0_42998193/htdocs/vendor/laravel/framework/src/Illuminate/Database/Query/Builder.php(2402): Illuminate\\Database\\Query\\Builder->runSelect()
#14 /home/vol15_6/infinityfree.com/if0_42998193/htdocs/vendor/laravel/framework/src/Illuminate/Database/Query/Builder.php(2936): Illuminate\\Database\\Query\\Builder->{closure:Illuminate\\Database\\Query\\Builder::get():2401}()
#15 /home/vol15_6/infinityfree.com/if0_42998193/htdocs/vendor/laravel/framework/src/Illuminate/Database/Query/Builder.php(2401): Illuminate\\Database\\Query\\Builder->onceWithColumns(Array, Object(Closure))
#16 /home/vol15_6/infinityfree.com/if0_42998193/htdocs/vendor/laravel/framework/src/Illuminate/Database/Eloquent/Builder.php(625): Illuminate\\Database\\Query\\Builder->get(Array)
#17 /home/vol15_6/infinityfree.com/if0_42998193/htdocs/vendor/laravel/framework/src/Illuminate/Database/Eloquent/Builder.php(609): Illuminate\\Database\\Eloquent\\Builder->getModels(Array)
#18 /home/vol15_6/infinityfree.com/if0_42998193/htdocs/vendor/laravel/framework/src/Illuminate/Database/Concerns/BuildsQueries.php(294): Illuminate\\Database\\Eloquent\\Builder->get(Array)
#19 /home/vol15_6/infinityfree.com/if0_42998193/htdocs/vendor/laravel/framework/src/Illuminate/Auth/EloquentUserProvider.php(134): Illuminate\\Database\\Eloquent\\Builder->first()
#20 /home/vol15_6/infinityfree.com/if0_42998193/htdocs/vendor/laravel/framework/src/Illuminate/Auth/SessionGuard.php(377): Illuminate\\Auth\\EloquentUserProvider->retrieveByCredentials(Array)
#21 /home/vol15_6/infinityfree.com/if0_42998193/htdocs/vendor/laravel/framework/src/Illuminate/Auth/AuthManager.php(340): Illuminate\\Auth\\SessionGuard->attempt(Array, false)
#22 /home/vol15_6/infinityfree.com/if0_42998193/htdocs/vendor/laravel/framework/src/Illuminate/Support/Facades/Facade.php(261): Illuminate\\Auth\\AuthManager->__call('attempt', Array)
#23 /home/vol15_6/infinityfree.com/if0_42998193/htdocs/app/Http/Controllers/AuthController.php(26): Illuminate\\Support\\Facades\\Facade::__callStatic('attempt', Array)
#24 /home/vol15_6/infinityfree.com/if0_42998193/htdocs/vendor/laravel/framework/src/Illuminate/Routing/Controller.php(54): App\\Http\\Controllers\\AuthController->login(Object(Illuminate\\Http\\Request))
#25 /home/vol15_6/infinityfree.com/if0_42998193/htdocs/vendor/laravel/framework/src/Illuminate/Routing/ControllerDispatcher.php(45): Illuminate\\Routing\\Controller->callAction('login', Array)
#26 /home/vol15_6/infinityfree.com/if0_42998193/htdocs/vendor/laravel/framework/src/Illuminate/Routing/Route.php(261): Illuminate\\Routing\\ControllerDispatcher->dispatch(Object(Illuminate\\Routing\\Route), Object(App\\Http\\Controllers\\AuthController), 'login')
#27 /home/vol15_6/infinityfree.com/if0_42998193/htdocs/vendor/laravel/framework/src/Illuminate/Routing/Route.php(205): Illuminate\\Routing\\Route->runController()
#28 /home/vol15_6/infinityfree.com/if0_42998193/htdocs/vendor/laravel/framework/src/Illuminate/Routing/Router.php(721): Illuminate\\Routing\\Route->run()
#29 /home/vol15_6/infinityfree.com/if0_42998193/htdocs/vendor/laravel/framework/src/Illuminate/Pipeline/Pipeline.php(128): Illuminate\\Routing\\Router->{closure:Illuminate\\Routing\\Router::runRouteWithinStack():719}(Object(Illuminate\\Http\\Request))
#30 /home/vol15_6/infinityfree.com/if0_42998193/htdocs/app/Http/Middleware/RedirectIfAuthenticated.php(30): Illuminate\\Pipeline\\Pipeline->{closure:Illuminate\\Pipeline\\Pipeline::prepareDestination():126}(Object(Illuminate\\Http\\Request))
#31 /home/vol15_6/infinityfree.com/if0_42998193/htdocs/vendor/laravel/framework/src/Illuminate/Pipeline/Pipeline.php(167): App\\Http\\Middleware\\RedirectIfAuthenticated->handle(Object(Illuminate\\Http\\Request), Object(Closure))
#32 /home/vol15_6/infinityfree.com/if0_42998193/htdocs/vendor/laravel/framework/src/Illuminate/Routing/Middleware/SubstituteBindings.php(50): Illuminate\\Pipeline\\Pipeline->{closure:{closure:Illuminate\\Pipeline\\Pipeline::carry():142}:143}(Object(Illuminate\\Http\\Request))
#33 /home/vol15_6/infinityfree.com/if0_42998193/htdocs/vendor/laravel/framework/src/Illuminate/Pipeline/Pipeline.php(167): Illuminate\\Routing\\Middleware\\SubstituteBindings->handle(Object(Illuminate\\Http\\Request), Object(Closure))
#34 /home/vol15_6/infinityfree.com/if0_42998193/htdocs/vendor/laravel/framework/src/Illuminate/Foundation/Http/Middleware/VerifyCsrfToken.php(78): Illuminate\\Pipeline\\Pipeline->{closure:{closure:Illuminate\\Pipeline\\Pipeline::carry():142}:143}(Object(Illuminate\\Http\\Request))
#35 /home/vol15_6/infinityfree.com/if0_42998193/htdocs/vendor/laravel/framework/src/Illuminate/Pipeline/Pipeline.php(167): Illuminate\\Foundation\\Http\\Middleware\\VerifyCsrfToken->handle(Object(Illuminate\\Http\\Request), Object(Closure))
#36 /home/vol15_6/infinityfree.com/if0_42998193/htdocs/vendor/laravel/framework/src/Illuminate/View/Middleware/ShareErrorsFromSession.php(49): Illuminate\\Pipeline\\Pipeline->{closure:{closure:Illuminate\\Pipeline\\Pipeline::carry():142}:143}(Object(Illuminate\\Http\\Request))
#37 /home/vol15_6/infinityfree.com/if0_42998193/htdocs/vendor/laravel/framework/src/Illuminate/Pipeline/Pipeline.php(167): Illuminate\\View\\Middleware\\ShareErrorsFromSession->handle(Object(Illuminate\\Http\\Request), Object(Closure))
#38 /home/vol15_6/infinityfree.com/if0_42998193/htdocs/vendor/laravel/framework/src/Illuminate/Session/Middleware/StartSession.php(121): Illuminate\\Pipeline\\Pipeline->{closure:{closure:Illuminate\\Pipeline\\Pipeline::carry():142}:143}(Object(Illuminate\\Http\\Request))
#39 /home/vol15_6/infinityfree.com/if0_42998193/htdocs/vendor/laravel/framework/src/Illuminate/Session/Middleware/StartSession.php(64): Illuminate\\Session\\Middleware\\StartSession->handleStatefulRequest(Object(Illuminate\\Http\\Request), Object(Illuminate\\Session\\Store), Object(Closure))
#40 /home/vol15_6/infinityfree.com/if0_42998193/htdocs/vendor/laravel/framework/src/Illuminate/Pipeline/Pipeline.php(167): Illuminate\\Session\\Middleware\\StartSession->handle(Object(Illuminate\\Http\\Request), Object(Closure))
#41 /home/vol15_6/infinityfree.com/if0_42998193/htdocs/vendor/laravel/framework/src/Illuminate/Cookie/Middleware/AddQueuedCookiesToResponse.php(37): Illuminate\\Pipeline\\Pipeline->{closure:{closure:Illuminate\\Pipeline\\Pipeline::carry():142}:143}(Object(Illuminate\\Http\\Request))
#42 /home/vol15_6/infinityfree.com/if0_42998193/htdocs/vendor/laravel/framework/src/Illuminate/Pipeline/Pipeline.php(167): Illuminate\\Cookie\\Middleware\\AddQueuedCookiesToResponse->handle(Object(Illuminate\\Http\\Request), Object(Closure))
#43 /home/vol15_6/infinityfree.com/if0_42998193/htdocs/vendor/laravel/framework/src/Illuminate/Cookie/Middleware/EncryptCookies.php(67): Illuminate\\Pipeline\\Pipeline->{closure:{closure:Illuminate\\Pipeline\\Pipeline::carry():142}:143}(Object(Illuminate\\Http\\Request))
#44 /home/vol15_6/infinityfree.com/if0_42998193/htdocs/vendor/laravel/framework/src/Illuminate/Pipeline/Pipeline.php(167): Illuminate\\Cookie\\Middleware\\EncryptCookies->handle(Object(Illuminate\\Http\\Request), Object(Closure))
#45 /home/vol15_6/infinityfree.com/if0_42998193/htdocs/vendor/laravel/framework/src/Illuminate/Pipeline/Pipeline.php(103): Illuminate\\Pipeline\\Pipeline->{closure:{closure:Illuminate\\Pipeline\\Pipeline::carry():142}:143}(Object(Illuminate\\Http\\Request))
#46 /home/vol15_6/infinityfree.com/if0_42998193/htdocs/vendor/laravel/framework/src/Illuminate/Routing/Router.php(719): Illuminate\\Pipeline\\Pipeline->then(Object(Closure))
#47 /home/vol15_6/infinityfree.com/if0_42998193/htdocs/vendor/laravel/framework/src/Illuminate/Routing/Router.php(698): Illuminate\\Routing\\Router->runRouteWithinStack(Object(Illuminate\\Routing\\Route), Object(Illuminate\\Http\\Request))
#48 /home/vol15_6/infinityfree.com/if0_42998193/htdocs/vendor/laravel/framework/src/Illuminate/Routing/Router.php(662): Illuminate\\Routing\\Router->runRoute(Object(Illuminate\\Http\\Request), Object(Illuminate\\Routing\\Route))
#49 /home/vol15_6/infinityfree.com/if0_42998193/htdocs/vendor/laravel/framework/src/Illuminate/Routing/Router.php(651): Illuminate\\Routing\\Router->dispatchToRoute(Object(Illuminate\\Http\\Request))
#50 /home/vol15_6/infinityfree.com/if0_42998193/htdocs/vendor/laravel/framework/src/Illuminate/Foundation/Http/Kernel.php(167): Illuminate\\Routing\\Router->dispatch(Object(Illuminate\\Http\\Request))
#51 /home/vol15_6/infinityfree.com/if0_42998193/htdocs/vendor/laravel/framework/src/Illuminate/Pipeline/Pipeline.php(128): Illuminate\\Foundation\\Http\\Kernel->{closure:Illuminate\\Foundation\\Http\\Kernel::dispatchToRouter():164}(Object(Illuminate\\Http\\Request))
#52 /home/vol15_6/infinityfree.com/if0_42998193/htdocs/vendor/laravel/framework/src/Illuminate/Foundation/Http/Middleware/TransformsRequest.php(21): Illuminate\\Pipeline\\Pipeline->{closure:Illuminate\\Pipeline\\Pipeline::prepareDestination():126}(Object(Illuminate\\Http\\Request))
#53 /home/vol15_6/infinityfree.com/if0_42998193/htdocs/vendor/laravel/framework/src/Illuminate/Foundation/Http/Middleware/ConvertEmptyStringsToNull.php(31): Illuminate\\Foundation\\Http\\Middleware\\TransformsRequest->handle(Object(Illuminate\\Http\\Request), Object(Closure))
#54 /home/vol15_6/infinityfree.com/if0_42998193/htdocs/vendor/laravel/framework/src/Illuminate/Pipeline/Pipeline.php(167): Illuminate\\Foundation\\Http\\Middleware\\ConvertEmptyStringsToNull->handle(Object(Illuminate\\Http\\Request), Object(Closure))
#55 /home/vol15_6/infinityfree.com/if0_42998193/htdocs/vendor/laravel/framework/src/Illuminate/Foundation/Http/Middleware/TransformsRequest.php(21): Illuminate\\Pipeline\\Pipeline->{closure:{closure:Illuminate\\Pipeline\\Pipeline::carry():142}:143}(Object(Illuminate\\Http\\Request))
#56 /home/vol15_6/infinityfree.com/if0_42998193/htdocs/vendor/laravel/framework/src/Illuminate/Foundation/Http/Middleware/TrimStrings.php(40): Illuminate\\Foundation\\Http\\Middleware\\TransformsRequest->handle(Object(Illuminate\\Http\\Request), Object(Closure))
#57 /home/vol15_6/infinityfree.com/if0_42998193/htdocs/vendor/laravel/framework/src/Illuminate/Pipeline/Pipeline.php(167): Illuminate\\Foundation\\Http\\Middleware\\TrimStrings->handle(Object(Illuminate\\Http\\Request), Object(Closure))
#58 /home/vol15_6/infinityfree.com/if0_42998193/htdocs/vendor/laravel/framework/src/Illuminate/Foundation/Http/Middleware/ValidatePostSize.php(27): Illuminate\\Pipeline\\Pipeline->{closure:{closure:Illuminate\\Pipeline\\Pipeline::carry():142}:143}(Object(Illuminate\\Http\\Request))
#59 /home/vol15_6/infinityfree.com/if0_42998193/htdocs/vendor/laravel/framework/src/Illuminate/Pipeline/Pipeline.php(167): Illuminate\\Foundation\\Http\\Middleware\\ValidatePostSize->handle(Object(Illuminate\\Http\\Request), Object(Closure))
#60 /home/vol15_6/infinityfree.com/if0_42998193/htdocs/vendor/laravel/framework/src/Illuminate/Foundation/Http/Middleware/PreventRequestsDuringMaintenance.php(86): Illuminate\\Pipeline\\Pipeline->{closure:{closure:Illuminate\\Pipeline\\Pipeline::carry():142}:143}(Object(Illuminate\\Http\\Request))
#61 /home/vol15_6/infinityfree.com/if0_42998193/htdocs/vendor/laravel/framework/src/Illuminate/Pipeline/Pipeline.php(167): Illuminate\\Foundation\\Http\\Middleware\\PreventRequestsDuringMaintenance->handle(Object(Illuminate\\Http\\Request), Object(Closure))
#62 /home/vol15_6/infinityfree.com/if0_42998193/htdocs/vendor/fruitcake/laravel-cors/src/HandleCors.php(38): Illuminate\\Pipeline\\Pipeline->{closure:{closure:Illuminate\\Pipeline\\Pipeline::carry():142}:143}(Object(Illuminate\\Http\\Request))
#63 /home/vol15_6/infinityfree.com/if0_42998193/htdocs/vendor/laravel/framework/src/Illuminate/Pipeline/Pipeline.php(167): Fruitcake\\Cors\\HandleCors->handle(Object(Illuminate\\Http\\Request), Object(Closure))
#64 /home/vol15_6/infinityfree.com/if0_42998193/htdocs/vendor/laravel/framework/src/Illuminate/Http/Middleware/TrustProxies.php(39): Illuminate\\Pipeline\\Pipeline->{closure:{closure:Illuminate\\Pipeline\\Pipeline::carry():142}:143}(Object(Illuminate\\Http\\Request))
#65 /home/vol15_6/infinityfree.com/if0_42998193/htdocs/vendor/laravel/framework/src/Illuminate/Pipeline/Pipeline.php(167): Illuminate\\Http\\Middleware\\TrustProxies->handle(Object(Illuminate\\Http\\Request), Object(Closure))
#66 /home/vol15_6/infinityfree.com/if0_42998193/htdocs/vendor/laravel/framework/src/Illuminate/Pipeline/Pipeline.php(103): Illuminate\\Pipeline\\Pipeline->{closure:{closure:Illuminate\\Pipeline\\Pipeline::carry():142}:143}(Object(Illuminate\\Http\\Request))
#67 /home/vol15_6/infinityfree.com/if0_42998193/htdocs/vendor/laravel/framework/src/Illuminate/Foundation/Http/Kernel.php(142): Illuminate\\Pipeline\\Pipeline->then(Object(Closure))
#68 /home/vol15_6/infinityfree.com/if0_42998193/htdocs/vendor/laravel/framework/src/Illuminate/Foundation/Http/Kernel.php(111): Illuminate\\Foundation\\Http\\Kernel->sendRequestThroughRouter(Object(Illuminate\\Http\\Request))
#69 /home/vol15_6/infinityfree.com/if0_42998193/htdocs/index.php(21): Illuminate\\Foundation\\Http\\Kernel->handle(Object(Illuminate\\Http\\Request))
#70 {main}
"} 
[2026-09-30 11:25:11] production.ERROR: SQLSTATE[HY000] [1044] Access denied for user 'if0_42998193'@'192.168.%' to database 'if0_42998193_XXX' (SQL: select * from `users` where `email` = dedi.k@taniraya.co.id limit 1) {"exception":"[object] (Illuminate\\Database\\QueryException(code: 1044): SQLSTATE[HY000] [1044] Access denied for user 'if0_42998193'@'192.168.%' to database 'if0_42998193_XXX' (SQL: select * from `users` where `email` = dedi.k@taniraya.co.id limit 1) at /home/vol15_6/infinityfree.com/if0_42998193/htdocs/vendor/laravel/framework/src/Illuminate/Database/Connection.php:712)
[stacktrace]
#0 /home/vol15_6/infinityfree.com/if0_42998193/htdocs/vendor/laravel/framework/src/Illuminate/Database/Connection.php(672): Illuminate\\Database\\Connection->runQueryCallback('select * from `...', Array, Object(Closure))
#1 /home/vol15_6/infinityfree.com/if0_42998193/htdocs/vendor/laravel/framework/src/Illuminate/Database/Connection.php(359): Illuminate\\Database\\Connection->run('select * from `...', Array, Object(Closure))
#2 /home/vol15_6/infinityfree.com/if0_42998193/htdocs/vendor/laravel/framework/src/Illuminate/Database/Query/Builder.php(2413): Illuminate\\Database\\Connection->select('select * from `...', Array, true)
#3 /home/vol15_6/infinityfree.com/if0_42998193/htdocs/vendor/laravel/framework/src/Illuminate/Database/Query/Builder.php(2402): Illuminate\\Database\\Query\\Builder->runSelect()
#4 /home/vol15_6/infinityfree.com/if0_42998193/htdocs/vendor/laravel/framework/src/Illuminate/Database/Query/Builder.php(2936): Illuminate\\Database\\Query\\Builder->{closure:Illuminate\\Database\\Query\\Builder::get():2401}()
#5 /home/vol15_6/infinityfree.com/if0_42998193/htdocs/vendor/laravel/framework/src/Illuminate/Database/Query/Builder.php(2401): Illuminate\\Database\\Query\\Builder->onceWithColumns(Array, Object(Closure))
#6 /home/vol15_6/infinityfree.com/if0_42998193/htdocs/vendor/laravel/framework/src/Illuminate/Database/Eloquent/Builder.php(625): Illuminate\\Database\\Query\\Builder->get(Array)
#7 /home/vol15_6/infinityfree.com/if0_42998193/htdocs/vendor/laravel/framework/src/Illuminate/Database/Eloquent/Builder.php(609): Illuminate\\Database\\Eloquent\\Builder->getModels(Array)
#8 /home/vol15_6/infinityfree.com/if0_42998193/htdocs/vendor/laravel/framework/src/Illuminate/Database/Concerns/BuildsQueries.php(294): Illuminate\\Database\\Eloquent\\Builder->get(Array)
#9 /home/vol15_6/infinityfree.com/if0_42998193/htdocs/vendor/laravel/framework/src/Illuminate/Auth/EloquentUserProvider.php(134): Illuminate\\Database\\Eloquent\\Builder->first()
#10 /home/vol15_6/infinityfree.com/if0_42998193/htdocs/vendor/laravel/framework/src/Illuminate/Auth/SessionGuard.php(377): Illuminate\\Auth\\EloquentUserProvider->retrieveByCredentials(Array)
#11 /home/vol15_6/infinityfree.com/if0_42998193/htdocs/vendor/laravel/framework/src/Illuminate/Auth/AuthManager.php(340): Illuminate\\Auth\\SessionGuard->attempt(Array, false)
#12 /home/vol15_6/infinityfree.com/if0_42998193/htdocs/vendor/laravel/framework/src/Illuminate/Support/Facades/Facade.php(261): Illuminate\\Auth\\AuthManager->__call('attempt', Array)
#13 /home/vol15_6/infinityfree.com/if0_42998193/htdocs/app/Http/Controllers/AuthController.php(26): Illuminate\\Support\\Facades\\Facade::__callStatic('attempt', Array)
#14 /home/vol15_6/infinityfree.com/if0_42998193/htdocs/vendor/laravel/framework/src/Illuminate/Routing/Controller.php(54): App\\Http\\Controllers\\AuthController->login(Object(Illuminate\\Http\\Request))
#15 /home/vol15_6/infinityfree.com/if0_42998193/htdocs/vendor/laravel/framework/src/Illuminate/Routing/ControllerDispatcher.php(45): Illuminate\\Routing\\Controller->callAction('login', Array)
#16 /home/vol15_6/infinityfree.com/if0_42998193/htdocs/vendor/laravel/framework/src/Illuminate/Routing/Route.php(261): Illuminate\\Routing\\ControllerDispatcher->dispatch(Object(Illuminate\\Routing\\Route), Object(App\\Http\\Controllers\\AuthController), 'login')
#17 /home/vol15_6/infinityfree.com/if0_42998193/htdocs/vendor/laravel/framework/src/Illuminate/Routing/Route.php(205): Illuminate\\Routing\\Route->runController()
#18 /home/vol15_6/infinityfree.com/if0_42998193/htdocs/vendor/laravel/framework/src/Illuminate/Routing/Router.php(721): Illuminate\\Routing\\Route->run()
#19 /home/vol15_6/infinityfree.com/if0_42998193/htdocs/vendor/laravel/framework/src/Illuminate/Pipeline/Pipeline.php(128): Illuminate\\Routing\\Router->{closure:Illuminate\\Routing\\Router::runRouteWithinStack():719}(Object(Illuminate\\Http\\Request))
#20 /home/vol15_6/infinityfree.com/if0_42998193/htdocs/app/Http/Middleware/RedirectIfAuthenticated.php(30): Illuminate\\Pipeline\\Pipeline->{closure:Illuminate\\Pipeline\\Pipeline::prepareDestination():126}(Object(Illuminate\\Http\\Request))
#21 /home/vol15_6/infinityfree.com/if0_42998193/htdocs/vendor/laravel/framework/src/Illuminate/Pipeline/Pipeline.php(167): App\\Http\\Middleware\\RedirectIfAuthenticated->handle(Object(Illuminate\\Http\\Request), Object(Closure))
#22 /home/vol15_6/infinityfree.com/if0_42998193/htdocs/vendor/laravel/framework/src/Illuminate/Routing/Middleware/SubstituteBindings.php(50): Illuminate\\Pipeline\\Pipeline->{closure:{closure:Illuminate\\Pipeline\\Pipeline::carry():142}:143}(Object(Illuminate\\Http\\Request))
#23 /home/vol15_6/infinityfree.com/if0_42998193/htdocs/vendor/laravel/framework/src/Illuminate/Pipeline/Pipeline.php(167): Illuminate\\Routing\\Middleware\\SubstituteBindings->handle(Object(Illuminate\\Http\\Request), Object(Closure))
#24 /home/vol15_6/infinityfree.com/if0_42998193/htdocs/vendor/laravel/framework/src/Illuminate/Foundation/Http/Middleware/VerifyCsrfToken.php(78): Illuminate\\Pipeline\\Pipeline->{closure:{closure:Illuminate\\Pipeline\\Pipeline::carry():142}:143}(Object(Illuminate\\Http\\Request))
#25 /home/vol15_6/infinityfree.com/if0_42998193/htdocs/vendor/laravel/framework/src/Illuminate/Pipeline/Pipeline.php(167): Illuminate\\Foundation\\Http\\Middleware\\VerifyCsrfToken->handle(Object(Illuminate\\Http\\Request), Object(Closure))
#26 /home/vol15_6/infinityfree.com/if0_42998193/htdocs/vendor/laravel/framework/src/Illuminate/View/Middleware/ShareErrorsFromSession.php(49): Illuminate\\Pipeline\\Pipeline->{closure:{closure:Illuminate\\Pipeline\\Pipeline::carry():142}:143}(Object(Illuminate\\Http\\Request))
#27 /home/vol15_6/infinityfree.com/if0_42998193/htdocs/vendor/laravel/framework/src/Illuminate/Pipeline/Pipeline.php(167): Illuminate\\View\\Middleware\\ShareErrorsFromSession->handle(Object(Illuminate\\Http\\Request), Object(Closure))
#28 /home/vol15_6/infinityfree.com/if0_42998193/htdocs/vendor/laravel/framework/src/Illuminate/Session/Middleware/StartSession.php(121): Illuminate\\Pipeline\\Pipeline->{closure:{closure:Illuminate\\Pipeline\\Pipeline::carry():142}:143}(Object(Illuminate\\Http\\Request))
#29 /home/vol15_6/infinityfree.com/if0_42998193/htdocs/vendor/laravel/framework/src/Illuminate/Session/Middleware/StartSession.php(64): Illuminate\\Session\\Middleware\\StartSession->handleStatefulRequest(Object(Illuminate\\Http\\Request), Object(Illuminate\\Session\\Store), Object(Closure))
#30 /home/vol15_6/infinityfree.com/if0_42998193/htdocs/vendor/laravel/framework/src/Illuminate/Pipeline/Pipeline.php(167): Illuminate\\Session\\Middleware\\StartSession->handle(Object(Illuminate\\Http\\Request), Object(Closure))
#31 /home/vol15_6/infinityfree.com/if0_42998193/htdocs/vendor/laravel/framework/src/Illuminate/Cookie/Middleware/AddQueuedCookiesToResponse.php(37): Illuminate\\Pipeline\\Pipeline->{closure:{closure:Illuminate\\Pipeline\\Pipeline::carry():142}:143}(Object(Illuminate\\Http\\Request))
#32 /home/vol15_6/infinityfree.com/if0_42998193/htdocs/vendor/laravel/framework/src/Illuminate/Pipeline/Pipeline.php(167): Illuminate\\Cookie\\Middleware\\AddQueuedCookiesToResponse->handle(Object(Illuminate\\Http\\Request), Object(Closure))
#33 /home/vol15_6/infinityfree.com/if0_42998193/htdocs/vendor/laravel/framework/src/Illuminate/Cookie/Middleware/EncryptCookies.php(67): Illuminate\\Pipeline\\Pipeline->{closure:{closure:Illuminate\\Pipeline\\Pipeline::carry():142}:143}(Object(Illuminate\\Http\\Request))
#34 /home/vol15_6/infinityfree.com/if0_42998193/htdocs/vendor/laravel/framework/src/Illuminate/Pipeline/Pipeline.php(167): Illuminate\\Cookie\\Middleware\\EncryptCookies->handle(Object(Illuminate\\Http\\Request), Object(Closure))
#35 /home/vol15_6/infinityfree.com/if0_42998193/htdocs/vendor/laravel/framework/src/Illuminate/Pipeline/Pipeline.php(103): Illuminate\\Pipeline\\Pipeline->{closure:{closure:Illuminate\\Pipeline\\Pipeline::carry():142}:143}(Object(Illuminate\\Http\\Request))
#36 /home/vol15_6/infinityfree.com/if0_42998193/htdocs/vendor/laravel/framework/src/Illuminate/Routing/Router.php(719): Illuminate\\Pipeline\\Pipeline->then(Object(Closure))
#37 /home/vol15_6/infinityfree.com/if0_42998193/htdocs/vendor/laravel/framework/src/Illuminate/Routing/Router.php(698): Illuminate\\Routing\\Router->runRouteWithinStack(Object(Illuminate\\Routing\\Route), Object(Illuminate\\Http\\Request))
#38 /home/vol15_6/infinityfree.com/if0_42998193/htdocs/vendor/laravel/framework/src/Illuminate/Routing/Router.php(662): Illuminate\\Routing\\Router->runRoute(Object(Illuminate\\Http\\Request), Object(Illuminate\\Routing\\Route))
#39 /home/vol15_6/infinityfree.com/if0_42998193/htdocs/vendor/laravel/framework/src/Illuminate/Routing/Router.php(651): Illuminate\\Routing\\Router->dispatchToRoute(Object(Illuminate\\Http\\Request))
#40 /home/vol15_6/infinityfree.com/if0_42998193/htdocs/vendor/laravel/framework/src/Illuminate/Foundation/Http/Kernel.php(167): Illuminate\\Routing\\Router->dispatch(Object(Illuminate\\Http\\Request))
#41 /home/vol15_6/infinityfree.com/if0_42998193/htdocs/vendor/laravel/framework/src/Illuminate/Pipeline/Pipeline.php(128): Illuminate\\Foundation\\Http\\Kernel->{closure:Illuminate\\Foundation\\Http\\Kernel::dispatchToRouter():164}(Object(Illuminate\\Http\\Request))
#42 /home/vol15_6/infinityfree.com/if0_42998193/htdocs/vendor/laravel/framework/src/Illuminate/Foundation/Http/Middleware/TransformsRequest.php(21): Illuminate\\Pipeline\\Pipeline->{closure:Illuminate\\Pipeline\\Pipeline::prepareDestination():126}(Object(Illuminate\\Http\\Request))
#43 /home/vol15_6/infinityfree.com/if0_42998193/htdocs/vendor/laravel/framework/src/Illuminate/Foundation/Http/Middleware/ConvertEmptyStringsToNull.php(31): Illuminate\\Foundation\\Http\\Middleware\\TransformsRequest->handle(Object(Illuminate\\Http\\Request), Object(Closure))
#44 /home/vol15_6/infinityfree.com/if0_42998193/htdocs/vendor/laravel/framework/src/Illuminate/Pipeline/Pipeline.php(167): Illuminate\\Foundation\\Http\\Middleware\\ConvertEmptyStringsToNull->handle(Object(Illuminate\\Http\\Request), Object(Closure))
#45 /home/vol15_6/infinityfree.com/if0_42998193/htdocs/vendor/laravel/framework/src/Illuminate/Foundation/Http/Middleware/TransformsRequest.php(21): Illuminate\\Pipeline\\Pipeline->{closure:{closure:Illuminate\\Pipeline\\Pipeline::carry():142}:143}(Object(Illuminate\\Http\\Request))
#46 /home/vol15_6/infinityfree.com/if0_42998193/htdocs/vendor/laravel/framework/src/Illuminate/Foundation/Http/Middleware/TrimStrings.php(40): Illuminate\\Foundation\\Http\\Middleware\\TransformsRequest->handle(Object(Illuminate\\Http\\Request), Object(Closure))
#47 /home/vol15_6/infinityfree.com/if0_42998193/htdocs/vendor/laravel/framework/src/Illuminate/Pipeline/Pipeline.php(167): Illuminate\\Foundation\\Http\\Middleware\\TrimStrings->handle(Object(Illuminate\\Http\\Request), Object(Closure))
#48 /home/vol15_6/infinityfree.com/if0_42998193/htdocs/vendor/laravel/framework/src/Illuminate/Foundation/Http/Middleware/ValidatePostSize.php(27): Illuminate\\Pipeline\\Pipeline->{closure:{closure:Illuminate\\Pipeline\\Pipeline::carry():142}:143}(Object(Illuminate\\Http\\Request))
#49 /home/vol15_6/infinityfree.com/if0_42998193/htdocs/vendor/laravel/framework/src/Illuminate/Pipeline/Pipeline.php(167): Illuminate\\Foundation\\Http\\Middleware\\ValidatePostSize->handle(Object(Illuminate\\Http\\Request), Object(Closure))
#50 /home/vol15_6/infinityfree.com/if0_42998193/htdocs/vendor/laravel/framework/src/Illuminate/Foundation/Http/Middleware/PreventRequestsDuringMaintenance.php(86): Illuminate\\Pipeline\\Pipeline->{closure:{closure:Illuminate\\Pipeline\\Pipeline::carry():142}:143}(Object(Illuminate\\Http\\Request))
#51 /home/vol15_6/infinityfree.com/if0_42998193/htdocs/vendor/laravel/framework/src/Illuminate/Pipeline/Pipeline.php(167): Illuminate\\Foundation\\Http\\Middleware\\PreventRequestsDuringMaintenance->handle(Object(Illuminate\\Http\\Request), Object(Closure))
#52 /home/vol15_6/infinityfree.com/if0_42998193/htdocs/vendor/fruitcake/laravel-cors/src/HandleCors.php(38): Illuminate\\Pipeline\\Pipeline->{closure:{closure:Illuminate\\Pipeline\\Pipeline::carry():142}:143}(Object(Illuminate\\Http\\Request))
#53 /home/vol15_6/infinityfree.com/if0_42998193/htdocs/vendor/laravel/framework/src/Illuminate/Pipeline/Pipeline.php(167): Fruitcake\\Cors\\HandleCors->handle(Object(Illuminate\\Http\\Request), Object(Closure))
#54 /home/vol15_6/infinityfree.com/if0_42998193/htdocs/vendor/laravel/framework/src/Illuminate/Http/Middleware/TrustProxies.php(39): Illuminate\\Pipeline\\Pipeline->{closure:{closure:Illuminate\\Pipeline\\Pipeline::carry():142}:143}(Object(Illuminate\\Http\\Request))
#55 /home/vol15_6/infinityfree.com/if0_42998193/htdocs/vendor/laravel/framework/src/Illuminate/Pipeline/Pipeline.php(167): Illuminate\\Http\\Middleware\\TrustProxies->handle(Object(Illuminate\\Http\\Request), Object(Closure))
#56 /home/vol15_6/infinityfree.com/if0_42998193/htdocs/vendor/laravel/framework/src/Illuminate/Pipeline/Pipeline.php(103): Illuminate\\Pipeline\\Pipeline->{closure:{closure:Illuminate\\Pipeline\\Pipeline::carry():142}:143}(Object(Illuminate\\Http\\Request))
#57 /home/vol15_6/infinityfree.com/if0_42998193/htdocs/vendor/laravel/framework/src/Illuminate/Foundation/Http/Kernel.php(142): Illuminate\\Pipeline\\Pipeline->then(Object(Closure))
#58 /home/vol15_6/infinityfree.com/if0_42998193/htdocs/vendor/laravel/framework/src/Illuminate/Foundation/Http/Kernel.php(111): Illuminate\\Foundation\\Http\\Kernel->sendRequestThroughRouter(Object(Illuminate\\Http\\Request))
#59 /home/vol15_6/infinityfree.com/if0_42998193/htdocs/index.php(21): Illuminate\\Foundation\\Http\\Kernel->handle(Object(Illuminate\\Http\\Request))
#60 {main}

[previous exception] [object] (PDOException(code: 1044): SQLSTATE[HY000] [1044] Access denied for user 'if0_42998193'@'192.168.%' to database 'if0_42998193_XXX' at /home/vol15_6/infinityfree.com/if0_42998193/htdocs/vendor/laravel/framework/src/Illuminate/Database/Connectors/Connector.php:70)
[stacktrace]
#0 /home/vol15_6/infinityfree.com/if0_42998193/htdocs/vendor/laravel/framework/src/Illuminate/Database/Connectors/Connector.php(70): PDO->__construct('mysql:host=sql1...', 'if0_42998193', Object(SensitiveParameterValue), Array)
#1 /home/vol15_6/infinityfree.com/if0_42998193/htdocs/vendor/laravel/framework/src/Illuminate/Database/Connectors/Connector.php(45): Illuminate\\Database\\Connectors\\Connector->createPdoConnection('mysql:host=sql1...', 'if0_42998193', 'XmMafroxSJCvO8t', Array)
#2 /home/vol15_6/infinityfree.com/if0_42998193/htdocs/vendor/laravel/framework/src/Illuminate/Database/Connectors/MySqlConnector.php(24): Illuminate\\Database\\Connectors\\Connector->createConnection('mysql:host=sql1...', Array, Array)
#3 /home/vol15_6/infinityfree.com/if0_42998193/htdocs/vendor/laravel/framework/src/Illuminate/Database/Connectors/ConnectionFactory.php(184): Illuminate\\Database\\Connectors\\MySqlConnector->connect(Array)
#4 [internal function]: Illuminate\\Database\\Connectors\\ConnectionFactory->{closure:Illuminate\\Database\\Connectors\\ConnectionFactory::createPdoResolverWithHosts():179}()
#5 /home/vol15_6/infinityfree.com/if0_42998193/htdocs/vendor/laravel/framework/src/Illuminate/Database/Connection.php(1064): call_user_func(Object(Closure))
#6 /home/vol15_6/infinityfree.com/if0_42998193/htdocs/vendor/laravel/framework/src/Illuminate/Database/Connection.php(1100): Illuminate\\Database\\Connection->getPdo()
#7 /home/vol15_6/infinityfree.com/if0_42998193/htdocs/vendor/laravel/framework/src/Illuminate/Database/Connection.php(442): Illuminate\\Database\\Connection->getReadPdo()
#8 /home/vol15_6/infinityfree.com/if0_42998193/htdocs/vendor/laravel/framework/src/Illuminate/Database/Connection.php(368): Illuminate\\Database\\Connection->getPdoForSelect(true)
#9 /home/vol15_6/infinityfree.com/if0_42998193/htdocs/vendor/laravel/framework/src/Illuminate/Database/Connection.php(705): Illuminate\\Database\\Connection->{closure:Illuminate\\Database\\Connection::select():359}('select * from `...', Array)
#10 /home/vol15_6/infinityfree.com/if0_42998193/htdocs/vendor/laravel/framework/src/Illuminate/Database/Connection.php(672): Illuminate\\Database\\Connection->runQueryCallback('select * from `...', Array, Object(Closure))
#11 /home/vol15_6/infinityfree.com/if0_42998193/htdocs/vendor/laravel/framework/src/Illuminate/Database/Connection.php(359): Illuminate\\Database\\Connection->run('select * from `...', Array, Object(Closure))
#12 /home/vol15_6/infinityfree.com/if0_42998193/htdocs/vendor/laravel/framework/src/Illuminate/Database/Query/Builder.php(2413): Illuminate\\Database\\Connection->select('select * from `...', Array, true)
#13 /home/vol15_6/infinityfree.com/if0_42998193/htdocs/vendor/laravel/framework/src/Illuminate/Database/Query/Builder.php(2402): Illuminate\\Database\\Query\\Builder->runSelect()
#14 /home/vol15_6/infinityfree.com/if0_42998193/htdocs/vendor/laravel/framework/src/Illuminate/Database/Query/Builder.php(2936): Illuminate\\Database\\Query\\Builder->{closure:Illuminate\\Database\\Query\\Builder::get():2401}()
#15 /home/vol15_6/infinityfree.com/if0_42998193/htdocs/vendor/laravel/framework/src/Illuminate/Database/Query/Builder.php(2401): Illuminate\\Database\\Query\\Builder->onceWithColumns(Array, Object(Closure))
#16 /home/vol15_6/infinityfree.com/if0_42998193/htdocs/vendor/laravel/framework/src/Illuminate/Database/Eloquent/Builder.php(625): Illuminate\\Database\\Query\\Builder->get(Array)
#17 /home/vol15_6/infinityfree.com/if0_42998193/htdocs/vendor/laravel/framework/src/Illuminate/Database/Eloquent/Builder.php(609): Illuminate\\Database\\Eloquent\\Builder->getModels(Array)
#18 /home/vol15_6/infinityfree.com/if0_42998193/htdocs/vendor/laravel/framework/src/Illuminate/Database/Concerns/BuildsQueries.php(294): Illuminate\\Database\\Eloquent\\Builder->get(Array)
#19 /home/vol15_6/infinityfree.com/if0_42998193/htdocs/vendor/laravel/framework/src/Illuminate/Auth/EloquentUserProvider.php(134): Illuminate\\Database\\Eloquent\\Builder->first()
#20 /home/vol15_6/infinityfree.com/if0_42998193/htdocs/vendor/laravel/framework/src/Illuminate/Auth/SessionGuard.php(377): Illuminate\\Auth\\EloquentUserProvider->retrieveByCredentials(Array)
#21 /home/vol15_6/infinityfree.com/if0_42998193/htdocs/vendor/laravel/framework/src/Illuminate/Auth/AuthManager.php(340): Illuminate\\Auth\\SessionGuard->attempt(Array, false)
#22 /home/vol15_6/infinityfree.com/if0_42998193/htdocs/vendor/laravel/framework/src/Illuminate/Support/Facades/Facade.php(261): Illuminate\\Auth\\AuthManager->__call('attempt', Array)
#23 /home/vol15_6/infinityfree.com/if0_42998193/htdocs/app/Http/Controllers/AuthController.php(26): Illuminate\\Support\\Facades\\Facade::__callStatic('attempt', Array)
#24 /home/vol15_6/infinityfree.com/if0_42998193/htdocs/vendor/laravel/framework/src/Illuminate/Routing/Controller.php(54): App\\Http\\Controllers\\AuthController->login(Object(Illuminate\\Http\\Request))
#25 /home/vol15_6/infinityfree.com/if0_42998193/htdocs/vendor/laravel/framework/src/Illuminate/Routing/ControllerDispatcher.php(45): Illuminate\\Routing\\Controller->callAction('login', Array)
#26 /home/vol15_6/infinityfree.com/if0_42998193/htdocs/vendor/laravel/framework/src/Illuminate/Routing/Route.php(261): Illuminate\\Routing\\ControllerDispatcher->dispatch(Object(Illuminate\\Routing\\Route), Object(App\\Http\\Controllers\\AuthController), 'login')
#27 /home/vol15_6/infinityfree.com/if0_42998193/htdocs/vendor/laravel/framework/src/Illuminate/Routing/Route.php(205): Illuminate\\Routing\\Route->runController()
#28 /home/vol15_6/infinityfree.com/if0_42998193/htdocs/vendor/laravel/framework/src/Illuminate/Routing/Router.php(721): Illuminate\\Routing\\Route->run()
#29 /home/vol15_6/infinityfree.com/if0_42998193/htdocs/vendor/laravel/framework/src/Illuminate/Pipeline/Pipeline.php(128): Illuminate\\Routing\\Router->{closure:Illuminate\\Routing\\Router::runRouteWithinStack():719}(Object(Illuminate\\Http\\Request))
#30 /home/vol15_6/infinityfree.com/if0_42998193/htdocs/app/Http/Middleware/RedirectIfAuthenticated.php(30): Illuminate\\Pipeline\\Pipeline->{closure:Illuminate\\Pipeline\\Pipeline::prepareDestination():126}(Object(Illuminate\\Http\\Request))
#31 /home/vol15_6/infinityfree.com/if0_42998193/htdocs/vendor/laravel/framework/src/Illuminate/Pipeline/Pipeline.php(167): App\\Http\\Middleware\\RedirectIfAuthenticated->handle(Object(Illuminate\\Http\\Request), Object(Closure))
#32 /home/vol15_6/infinityfree.com/if0_42998193/htdocs/vendor/laravel/framework/src/Illuminate/Routing/Middleware/SubstituteBindings.php(50): Illuminate\\Pipeline\\Pipeline->{closure:{closure:Illuminate\\Pipeline\\Pipeline::carry():142}:143}(Object(Illuminate\\Http\\Request))
#33 /home/vol15_6/infinityfree.com/if0_42998193/htdocs/vendor/laravel/framework/src/Illuminate/Pipeline/Pipeline.php(167): Illuminate\\Routing\\Middleware\\SubstituteBindings->handle(Object(Illuminate\\Http\\Request), Object(Closure))
#34 /home/vol15_6/infinityfree.com/if0_42998193/htdocs/vendor/laravel/framework/src/Illuminate/Foundation/Http/Middleware/VerifyCsrfToken.php(78): Illuminate\\Pipeline\\Pipeline->{closure:{closure:Illuminate\\Pipeline\\Pipeline::carry():142}:143}(Object(Illuminate\\Http\\Request))
#35 /home/vol15_6/infinityfree.com/if0_42998193/htdocs/vendor/laravel/framework/src/Illuminate/Pipeline/Pipeline.php(167): Illuminate\\Foundation\\Http\\Middleware\\VerifyCsrfToken->handle(Object(Illuminate\\Http\\Request), Object(Closure))
#36 /home/vol15_6/infinityfree.com/if0_42998193/htdocs/vendor/laravel/framework/src/Illuminate/View/Middleware/ShareErrorsFromSession.php(49): Illuminate\\Pipeline\\Pipeline->{closure:{closure:Illuminate\\Pipeline\\Pipeline::carry():142}:143}(Object(Illuminate\\Http\\Request))
#37 /home/vol15_6/infinityfree.com/if0_42998193/htdocs/vendor/laravel/framework/src/Illuminate/Pipeline/Pipeline.php(167): Illuminate\\View\\Middleware\\ShareErrorsFromSession->handle(Object(Illuminate\\Http\\Request), Object(Closure))
#38 /home/vol15_6/infinityfree.com/if0_42998193/htdocs/vendor/laravel/framework/src/Illuminate/Session/Middleware/StartSession.php(121): Illuminate\\Pipeline\\Pipeline->{closure:{closure:Illuminate\\Pipeline\\Pipeline::carry():142}:143}(Object(Illuminate\\Http\\Request))
#39 /home/vol15_6/infinityfree.com/if0_42998193/htdocs/vendor/laravel/framework/src/Illuminate/Session/Middleware/StartSession.php(64): Illuminate\\Session\\Middleware\\StartSession->handleStatefulRequest(Object(Illuminate\\Http\\Request), Object(Illuminate\\Session\\Store), Object(Closure))
#40 /home/vol15_6/infinityfree.com/if0_42998193/htdocs/vendor/laravel/framework/src/Illuminate/Pipeline/Pipeline.php(167): Illuminate\\Session\\Middleware\\StartSession->handle(Object(Illuminate\\Http\\Request), Object(Closure))
#41 /home/vol15_6/infinityfree.com/if0_42998193/htdocs/vendor/laravel/framework/src/Illuminate/Cookie/Middleware/AddQueuedCookiesToResponse.php(37): Illuminate\\Pipeline\\Pipeline->{closure:{closure:Illuminate\\Pipeline\\Pipeline::carry():142}:143}(Object(Illuminate\\Http\\Request))
#42 /home/vol15_6/infinityfree.com/if0_42998193/htdocs/vendor/laravel/framework/src/Illuminate/Pipeline/Pipeline.php(167): Illuminate\\Cookie\\Middleware\\AddQueuedCookiesToResponse->handle(Object(Illuminate\\Http\\Request), Object(Closure))
#43 /home/vol15_6/infinityfree.com/if0_42998193/htdocs/vendor/laravel/framework/src/Illuminate/Cookie/Middleware/EncryptCookies.php(67): Illuminate\\Pipeline\\Pipeline->{closure:{closure:Illuminate\\Pipeline\\Pipeline::carry():142}:143}(Object(Illuminate\\Http\\Request))
#44 /home/vol15_6/infinityfree.com/if0_42998193/htdocs/vendor/laravel/framework/src/Illuminate/Pipeline/Pipeline.php(167): Illuminate\\Cookie\\Middleware\\EncryptCookies->handle(Object(Illuminate\\Http\\Request), Object(Closure))
#45 /home/vol15_6/infinityfree.com/if0_42998193/htdocs/vendor/laravel/framework/src/Illuminate/Pipeline/Pipeline.php(103): Illuminate\\Pipeline\\Pipeline->{closure:{closure:Illuminate\\Pipeline\\Pipeline::carry():142}:143}(Object(Illuminate\\Http\\Request))
#46 /home/vol15_6/infinityfree.com/if0_42998193/htdocs/vendor/laravel/framework/src/Illuminate/Routing/Router.php(719): Illuminate\\Pipeline\\Pipeline->then(Object(Closure))
#47 /home/vol15_6/infinityfree.com/if0_42998193/htdocs/vendor/laravel/framework/src/Illuminate/Routing/Router.php(698): Illuminate\\Routing\\Router->runRouteWithinStack(Object(Illuminate\\Routing\\Route), Object(Illuminate\\Http\\Request))
#48 /home/vol15_6/infinityfree.com/if0_42998193/htdocs/vendor/laravel/framework/src/Illuminate/Routing/Router.php(662): Illuminate\\Routing\\Router->runRoute(Object(Illuminate\\Http\\Request), Object(Illuminate\\Routing\\Route))
#49 /home/vol15_6/infinityfree.com/if0_42998193/htdocs/vendor/laravel/framework/src/Illuminate/Routing/Router.php(651): Illuminate\\Routing\\Router->dispatchToRoute(Object(Illuminate\\Http\\Request))
#50 /home/vol15_6/infinityfree.com/if0_42998193/htdocs/vendor/laravel/framework/src/Illuminate/Foundation/Http/Kernel.php(167): Illuminate\\Routing\\Router->dispatch(Object(Illuminate\\Http\\Request))
#51 /home/vol15_6/infinityfree.com/if0_42998193/htdocs/vendor/laravel/framework/src/Illuminate/Pipeline/Pipeline.php(128): Illuminate\\Foundation\\Http\\Kernel->{closure:Illuminate\\Foundation\\Http\\Kernel::dispatchToRouter():164}(Object(Illuminate\\Http\\Request))
#52 /home/vol15_6/infinityfree.com/if0_42998193/htdocs/vendor/laravel/framework/src/Illuminate/Foundation/Http/Middleware/TransformsRequest.php(21): Illuminate\\Pipeline\\Pipeline->{closure:Illuminate\\Pipeline\\Pipeline::prepareDestination():126}(Object(Illuminate\\Http\\Request))
#53 /home/vol15_6/infinityfree.com/if0_42998193/htdocs/vendor/laravel/framework/src/Illuminate/Foundation/Http/Middleware/ConvertEmptyStringsToNull.php(31): Illuminate\\Foundation\\Http\\Middleware\\TransformsRequest->handle(Object(Illuminate\\Http\\Request), Object(Closure))
#54 /home/vol15_6/infinityfree.com/if0_42998193/htdocs/vendor/laravel/framework/src/Illuminate/Pipeline/Pipeline.php(167): Illuminate\\Foundation\\Http\\Middleware\\ConvertEmptyStringsToNull->handle(Object(Illuminate\\Http\\Request), Object(Closure))
#55 /home/vol15_6/infinityfree.com/if0_42998193/htdocs/vendor/laravel/framework/src/Illuminate/Foundation/Http/Middleware/TransformsRequest.php(21): Illuminate\\Pipeline\\Pipeline->{closure:{closure:Illuminate\\Pipeline\\Pipeline::carry():142}:143}(Object(Illuminate\\Http\\Request))
#56 /home/vol15_6/infinityfree.com/if0_42998193/htdocs/vendor/laravel/framework/src/Illuminate/Foundation/Http/Middleware/TrimStrings.php(40): Illuminate\\Foundation\\Http\\Middleware\\TransformsRequest->handle(Object(Illuminate\\Http\\Request), Object(Closure))
#57 /home/vol15_6/infinityfree.com/if0_42998193/htdocs/vendor/laravel/framework/src/Illuminate/Pipeline/Pipeline.php(167): Illuminate\\Foundation\\Http\\Middleware\\TrimStrings->handle(Object(Illuminate\\Http\\Request), Object(Closure))
#58 /home/vol15_6/infinityfree.com/if0_42998193/htdocs/vendor/laravel/framework/src/Illuminate/Foundation/Http/Middleware/ValidatePostSize.php(27): Illuminate\\Pipeline\\Pipeline->{closure:{closure:Illuminate\\Pipeline\\Pipeline::carry():142}:143}(Object(Illuminate\\Http\\Request))
#59 /home/vol15_6/infinityfree.com/if0_42998193/htdocs/vendor/laravel/framework/src/Illuminate/Pipeline/Pipeline.php(167): Illuminate\\Foundation\\Http\\Middleware\\ValidatePostSize->handle(Object(Illuminate\\Http\\Request), Object(Closure))
#60 /home/vol15_6/infinityfree.com/if0_42998193/htdocs/vendor/laravel/framework/src/Illuminate/Foundation/Http/Middleware/PreventRequestsDuringMaintenance.php(86): Illuminate\\Pipeline\\Pipeline->{closure:{closure:Illuminate\\Pipeline\\Pipeline::carry():142}:143}(Object(Illuminate\\Http\\Request))
#61 /home/vol15_6/infinityfree.com/if0_42998193/htdocs/vendor/laravel/framework/src/Illuminate/Pipeline/Pipeline.php(167): Illuminate\\Foundation\\Http\\Middleware\\PreventRequestsDuringMaintenance->handle(Object(Illuminate\\Http\\Request), Object(Closure))
#62 /home/vol15_6/infinityfree.com/if0_42998193/htdocs/vendor/fruitcake/laravel-cors/src/HandleCors.php(38): Illuminate\\Pipeline\\Pipeline->{closure:{closure:Illuminate\\Pipeline\\Pipeline::carry():142}:143}(Object(Illuminate\\Http\\Request))
#63 /home/vol15_6/infinityfree.com/if0_42998193/htdocs/vendor/laravel/framework/src/Illuminate/Pipeline/Pipeline.php(167): Fruitcake\\Cors\\HandleCors->handle(Object(Illuminate\\Http\\Request), Object(Closure))
#64 /home/vol15_6/infinityfree.com/if0_42998193/htdocs/vendor/laravel/framework/src/Illuminate/Http/Middleware/TrustProxies.php(39): Illuminate\\Pipeline\\Pipeline->{closure:{closure:Illuminate\\Pipeline\\Pipeline::carry():142}:143}(Object(Illuminate\\Http\\Request))
#65 /home/vol15_6/infinityfree.com/if0_42998193/htdocs/vendor/laravel/framework/src/Illuminate/Pipeline/Pipeline.php(167): Illuminate\\Http\\Middleware\\TrustProxies->handle(Object(Illuminate\\Http\\Request), Object(Closure))
#66 /home/vol15_6/infinityfree.com/if0_42998193/htdocs/vendor/laravel/framework/src/Illuminate/Pipeline/Pipeline.php(103): Illuminate\\Pipeline\\Pipeline->{closure:{closure:Illuminate\\Pipeline\\Pipeline::carry():142}:143}(Object(Illuminate\\Http\\Request))
#67 /home/vol15_6/infinityfree.com/if0_42998193/htdocs/vendor/laravel/framework/src/Illuminate/Foundation/Http/Kernel.php(142): Illuminate\\Pipeline\\Pipeline->then(Object(Closure))
#68 /home/vol15_6/infinityfree.com/if0_42998193/htdocs/vendor/laravel/framework/src/Illuminate/Foundation/Http/Kernel.php(111): Illuminate\\Foundation\\Http\\Kernel->sendRequestThroughRouter(Object(Illuminate\\Http\\Request))
#69 /home/vol15_6/infinityfree.com/if0_42998193/htdocs/index.php(21): Illuminate\\Foundation\\Http\\Kernel->handle(Object(Illuminate\\Http\\Request))
#70 {main}
"} 
[2026-10-06 08:49:50] production.INFO: Tulis foto: berhasil (106703 bytes) - /home/vol15_6/infinityfree.com/if0_42998193/htdocs/htdocs/uploads/stock-photos/stok-20261006-084950-6ac453beb1be1.jpg  
